cell_id,route,c2_scope,problem,panel,N,p,s,K,s_upper_bound,design,law,sparsity_information,cell_index,n_records,n_ok,n_numerical_failure,n_selection_failure_empty,n_program_or_schema_error,n_other_status,n_empty_selection,n_interval_reportable,n_total_failure,n_containment,containment,containment_se,n_containment_selected,containment_selected,containment_selected_se,n_containment_candidate_raw_field,n_containment_selected_raw_naive,n_exact_recovery,exact_recovery,exact_recovery_se,n_exact_recovery_recomputed_ok_only,n_recovery_field_vs_recomputed_mismatch,n_naive_recovery_bug,naive_recovery_bug_excess,n_strict_simultaneous_coverage,strict_simultaneous_coverage,strict_simultaneous_coverage_se,n_coverage_conditional_numerator,n_coverage_numerator_not_subset_of_recovery,coverage_conditional_on_exact_recovery,coverage_conditional_on_exact_recovery_se,coverage_conditional_denominator,n_active_joint_coverage_field,mean_interval_width,mean_interval_width_se,mean_interval_width_n,n_width_missing_among_ok,n_computational_failure,computational_failure_rate,computational_failure_rate_se,false_negative_count_reportable,false_negative_count_including_empty_selection,false_negative_count_including_all_nonok,false_negative_denominator_reportable_records,false_negative_denominator_all_records,false_negative_rate_per_active_coord_reportable,false_negative_rate_per_active_coord_all,n_records_with_any_false_negative,false_positive_count,n_records_with_any_false_positive,false_positive_rate_per_record_reportable,n_tail_boundary_hits_positive,false_negative_rate_per_active_coord_reportable_se,false_negative_rate_per_active_coord_all_se,false_negative_record_rate_reportable,false_negative_record_rate_reportable_se,false_negative_record_rate_all,false_negative_record_rate_all_se,false_positive_record_rate_reportable,false_positive_record_rate_reportable_se,empty_selection_rate,empty_selection_rate_se,n_ok_rate,n_ok_rate_se
auc_N1000_p2000_s3_identity_law1,known_s,interior,auc,IDENTITY_REFERENCE,1000,2000,3,6,6,identity,1,exact_s_known,126,1000,1000,0,0,0,0,0,1000,0,1000,1.0,0.0,1000,1.0,0.0,1000,1000,1000,1.0,0.0,1000,0,1000,0,969,0.969,0.0054807846,969,0,0.969,0.0054807846,1000,969,0.8675794467,0.0024609711,1000,0,0,0.0,0.0,0,0,0,1000,1000,0.0,0.0,0,0,0,0.0,0,0.0,0.0,0.0,0.0,0.0,0.0,0.0,0.0,0.0,0.0,1.0,0.0
auc_N1000_p2000_s3_identity_law1,unknown_s,interior,auc,IDENTITY_REFERENCE,1000,2000,3,6,6,identity,1,upper_bound_K_known,126,1000,1000,0,0,0,0,0,1000,0,1000,1.0,0.0,1000,1.0,0.0,1000,1000,1000,1.0,0.0,1000,0,1000,0,969,0.969,0.0054807846,969,0,0.969,0.0054807846,1000,969,0.8675794467,0.0024609711,1000,0,0,0.0,0.0,0,0,0,1000,1000,0.0,0.0,0,0,0,0.0,0,0.0,0.0,0.0,0.0,0.0,0.0,0.0,0.0,0.0,0.0,1.0,0.0
auc_N1000_p2000_s3_identity_law2,known_s,interior,auc,IDENTITY_REFERENCE,1000,2000,3,6,6,identity,2,exact_s_known,127,1000,1000,0,0,0,0,0,1000,0,1000,1.0,0.0,1000,1.0,0.0,1000,1000,1000,1.0,0.0,1000,0,1000,0,945,0.945,0.0072093689,945,0,0.945,0.0072093689,1000,945,0.9293316411,0.003154326,1000,0,0,0.0,0.0,0,0,0,1000,1000,0.0,0.0,0,0,0,0.0,0,0.0,0.0,0.0,0.0,0.0,0.0,0.0,0.0,0.0,0.0,1.0,0.0
auc_N1000_p2000_s3_identity_law2,unknown_s,interior,auc,IDENTITY_REFERENCE,1000,2000,3,6,6,identity,2,upper_bound_K_known,127,1000,1000,0,0,0,0,0,1000,0,1000,1.0,0.0,1000,1.0,0.0,1000,1000,1000,1.0,0.0,1000,0,1000,0,945,0.945,0.0072093689,945,0,0.945,0.0072093689,1000,945,0.9293316411,0.003154326,1000,0,0,0.0,0.0,0,0,0,1000,1000,0.0,0.0,0,0,0,0.0,0,0.0,0.0,0.0,0.0,0.0,0.0,0.0,0.0,0.0,0.0,1.0,0.0
auc_N1000_p2000_s3_identity_law3,known_s,interior,auc,IDENTITY_REFERENCE,1000,2000,3,6,6,identity,3,exact_s_known,128,1000,1000,0,0,0,0,0,1000,0,1000,1.0,0.0,1000,1.0,0.0,1000,1000,1000,1.0,0.0,1000,0,1000,0,947,0.947,0.0070845607,947,0,0.947,0.0070845607,1000,947,0.9026673184,0.0028316102,1000,0,0,0.0,0.0,0,0,0,1000,1000,0.0,0.0,0,0,0,0.0,0,0.0,0.0,0.0,0.0,0.0,0.0,0.0,0.0,0.0,0.0,1.0,0.0
auc_N1000_p2000_s3_identity_law3,unknown_s,interior,auc,IDENTITY_REFERENCE,1000,2000,3,6,6,identity,3,upper_bound_K_known,128,1000,1000,0,0,0,0,0,1000,0,1000,1.0,0.0,1000,1.0,0.0,1000,1000,1000,1.0,0.0,1000,0,1000,0,947,0.947,0.0070845607,947,0,0.947,0.0070845607,1000,947,0.9026673184,0.0028316102,1000,0,0,0.0,0.0,0,0,0,1000,1000,0.0,0.0,0,0,0,0.0,0,0.0,0.0,0.0,0.0,0.0,0.0,0.0,0.0,0.0,0.0,1.0,0.0
auc_N1000_p2000_s3_identity_law4,known_s,interior,auc,IDENTITY_REFERENCE,1000,2000,3,6,6,identity,4,exact_s_known,129,1000,1000,0,0,0,0,0,1000,0,1000,1.0,0.0,1000,1.0,0.0,1000,1000,1000,1.0,0.0,1000,0,1000,0,941,0.941,0.0074511073,941,0,0.941,0.0074511073,1000,941,0.9632616844,0.0034951629,1000,0,0,0.0,0.0,0,0,0,1000,1000,0.0,0.0,0,0,0,0.0,0,0.0,0.0,0.0,0.0,0.0,0.0,0.0,0.0,0.0,0.0,1.0,0.0
auc_N1000_p2000_s3_identity_law4,unknown_s,interior,auc,IDENTITY_REFERENCE,1000,2000,3,6,6,identity,4,upper_bound_K_known,129,1000,1000,0,0,0,0,0,1000,0,1000,1.0,0.0,1000,1.0,0.0,1000,1000,1000,1.0,0.0,1000,0,1000,0,941,0.941,0.0074511073,941,0,0.941,0.0074511073,1000,941,0.9632616844,0.0034951629,1000,0,0,0.0,0.0,0,0,0,1000,1000,0.0,0.0,0,0,0,0.0,0,0.0,0.0,0.0,0.0,0.0,0.0,0.0,0.0,0.0,0.0,1.0,0.0
auc_N1000_p2000_s3_identity_law5,known_s,boundary,auc,IDENTITY_REFERENCE,1000,2000,3,6,6,identity,5,exact_s_known,130,1000,1000,0,0,0,0,0,1000,0,1000,1.0,0.0,1000,1.0,0.0,1000,1000,1000,1.0,0.0,1000,0,1000,0,933,0.933,0.0079063898,933,0,0.933,0.0079063898,1000,933,0.9614797062,0.0038064474,1000,0,0,0.0,0.0,0,0,0,1000,1000,0.0,0.0,0,0,0,0.0,0,0.0,0.0,0.0,0.0,0.0,0.0,0.0,0.0,0.0,0.0,1.0,0.0
auc_N1000_p2000_s3_identity_law5,unknown_s,boundary,auc,IDENTITY_REFERENCE,1000,2000,3,6,6,identity,5,upper_bound_K_known,130,1000,1000,0,0,0,0,0,1000,0,1000,1.0,0.0,1000,1.0,0.0,1000,1000,1000,1.0,0.0,1000,0,1000,0,933,0.933,0.0079063898,933,0,0.933,0.0079063898,1000,933,0.9614797062,0.0038064474,1000,0,0,0.0,0.0,0,0,0,1000,1000,0.0,0.0,0,0,0,0.0,0,0.0,0.0,0.0,0.0,0.0,0.0,0.0,0.0,0.0,0.0,1.0,0.0
auc_N1000_p2000_s3_identity_law6,known_s,boundary,auc,IDENTITY_REFERENCE,1000,2000,3,6,6,identity,6,exact_s_known,131,1000,1000,0,0,0,0,0,1000,0,1000,1.0,0.0,1000,1.0,0.0,1000,1000,1000,1.0,0.0,1000,0,1000,0,942,0.942,0.0073916169,942,0,0.942,0.0073916169,1000,942,1.0253035088,0.0042890545,1000,0,0,0.0,0.0,0,0,0,1000,1000,0.0,0.0,0,0,0,0.0,0,0.0,0.0,0.0,0.0,0.0,0.0,0.0,0.0,0.0,0.0,1.0,0.0
auc_N1000_p2000_s3_identity_law6,unknown_s,boundary,auc,IDENTITY_REFERENCE,1000,2000,3,6,6,identity,6,upper_bound_K_known,131,1000,1000,0,0,0,0,0,1000,0,1000,1.0,0.0,1000,1.0,0.0,1000,1000,1000,1.0,0.0,1000,0,1000,0,942,0.942,0.0073916169,942,0,0.942,0.0073916169,1000,942,1.0253035088,0.0042890545,1000,0,0,0.0,0.0,0,0,0,1000,1000,0.0,0.0,0,0,0,0.0,0,0.0,0.0,0.0,0.0,0.0,0.0,0.0,0.0,0.0,0.0,1.0,0.0
auc_N1000_p2000_s3_toeplitz_law1,known_s,interior,auc,CORRELATED_STRESS,1000,2000,3,6,6,toeplitz,1,exact_s_known,132,1000,1000,0,0,0,0,0,1000,0,1000,1.0,0.0,1000,1.0,0.0,1000,1000,1000,1.0,0.0,1000,0,1000,0,955,0.955,0.006555532,955,0,0.955,0.006555532,1000,955,0.8673906572,0.0024817436,1000,0,0,0.0,0.0,0,0,0,1000,1000,0.0,0.0,0,0,0,0.0,0,0.0,0.0,0.0,0.0,0.0,0.0,0.0,0.0,0.0,0.0,1.0,0.0
auc_N1000_p2000_s3_toeplitz_law1,unknown_s,interior,auc,CORRELATED_STRESS,1000,2000,3,6,6,toeplitz,1,upper_bound_K_known,132,1000,1000,0,0,0,0,0,1000,0,1000,1.0,0.0,1000,1.0,0.0,1000,1000,1000,1.0,0.0,1000,0,1000,0,955,0.955,0.006555532,955,0,0.955,0.006555532,1000,955,0.8673906572,0.0024817436,1000,0,0,0.0,0.0,0,0,0,1000,1000,0.0,0.0,0,0,0,0.0,0,0.0,0.0,0.0,0.0,0.0,0.0,0.0,0.0,0.0,0.0,1.0,0.0
auc_N1000_p2000_s3_toeplitz_law2,known_s,interior,auc,CORRELATED_STRESS,1000,2000,3,6,6,toeplitz,2,exact_s_known,133,1000,1000,0,0,0,0,0,1000,0,1000,1.0,0.0,1000,1.0,0.0,1000,1000,1000,1.0,0.0,1000,0,1000,0,946,0.946,0.0071473072,946,0,0.946,0.0071473072,1000,946,0.9328296917,0.0033223427,1000,0,0,0.0,0.0,0,0,0,1000,1000,0.0,0.0,0,0,0,0.0,0,0.0,0.0,0.0,0.0,0.0,0.0,0.0,0.0,0.0,0.0,1.0,0.0
auc_N1000_p2000_s3_toeplitz_law2,unknown_s,interior,auc,CORRELATED_STRESS,1000,2000,3,6,6,toeplitz,2,upper_bound_K_known,133,1000,1000,0,0,0,0,0,1000,0,1000,1.0,0.0,1000,1.0,0.0,1000,1000,1000,1.0,0.0,1000,0,1000,0,946,0.946,0.0071473072,946,0,0.946,0.0071473072,1000,946,0.9328296917,0.0033223427,1000,0,0,0.0,0.0,0,0,0,1000,1000,0.0,0.0,0,0,0,0.0,0,0.0,0.0,0.0,0.0,0.0,0.0,0.0,0.0,0.0,0.0,1.0,0.0
auc_N1000_p2000_s3_toeplitz_law3,known_s,interior,auc,CORRELATED_STRESS,1000,2000,3,6,6,toeplitz,3,exact_s_known,134,1000,1000,0,0,0,0,0,1000,0,1000,1.0,0.0,1000,1.0,0.0,1000,1000,1000,1.0,0.0,1000,0,1000,0,955,0.955,0.006555532,955,0,0.955,0.006555532,1000,955,0.9036500103,0.0028328602,1000,0,0,0.0,0.0,0,0,0,1000,1000,0.0,0.0,0,0,0,0.0,0,0.0,0.0,0.0,0.0,0.0,0.0,0.0,0.0,0.0,0.0,1.0,0.0
auc_N1000_p2000_s3_toeplitz_law3,unknown_s,interior,auc,CORRELATED_STRESS,1000,2000,3,6,6,toeplitz,3,upper_bound_K_known,134,1000,1000,0,0,0,0,0,1000,0,1000,1.0,0.0,1000,1.0,0.0,1000,1000,1000,1.0,0.0,1000,0,1000,0,955,0.955,0.006555532,955,0,0.955,0.006555532,1000,955,0.9036500103,0.0028328602,1000,0,0,0.0,0.0,0,0,0,1000,1000,0.0,0.0,0,0,0,0.0,0,0.0,0.0,0.0,0.0,0.0,0.0,0.0,0.0,0.0,0.0,1.0,0.0
auc_N1000_p2000_s3_toeplitz_law4,known_s,interior,auc,CORRELATED_STRESS,1000,2000,3,6,6,toeplitz,4,exact_s_known,135,1000,1000,0,0,0,0,0,1000,0,1000,1.0,0.0,1000,1.0,0.0,1000,1000,1000,1.0,0.0,1000,0,1000,0,938,0.938,0.0076260081,938,0,0.938,0.0076260081,1000,938,0.960441676,0.0035181622,1000,0,0,0.0,0.0,0,0,0,1000,1000,0.0,0.0,0,0,0,0.0,0,0.0,0.0,0.0,0.0,0.0,0.0,0.0,0.0,0.0,0.0,1.0,0.0
auc_N1000_p2000_s3_toeplitz_law4,unknown_s,interior,auc,CORRELATED_STRESS,1000,2000,3,6,6,toeplitz,4,upper_bound_K_known,135,1000,1000,0,0,0,0,0,1000,0,1000,1.0,0.0,1000,1.0,0.0,1000,1000,1000,1.0,0.0,1000,0,1000,0,938,0.938,0.0076260081,938,0,0.938,0.0076260081,1000,938,0.960441676,0.0035181622,1000,0,0,0.0,0.0,0,0,0,1000,1000,0.0,0.0,0,0,0,0.0,0,0.0,0.0,0.0,0.0,0.0,0.0,0.0,0.0,0.0,0.0,1.0,0.0
auc_N1000_p2000_s3_toeplitz_law5,known_s,boundary,auc,CORRELATED_STRESS,1000,2000,3,6,6,toeplitz,5,exact_s_known,136,1000,1000,0,0,0,0,0,1000,0,1000,1.0,0.0,1000,1.0,0.0,1000,1000,1000,1.0,0.0,1000,0,1000,0,937,0.937,0.0076831634,937,0,0.937,0.0076831634,1000,937,0.958509915,0.0039437246,1000,0,0,0.0,0.0,0,0,0,1000,1000,0.0,0.0,0,0,0,0.0,0,0.0,0.0,0.0,0.0,0.0,0.0,0.0,0.0,0.0,0.0,1.0,0.0
auc_N1000_p2000_s3_toeplitz_law5,unknown_s,boundary,auc,CORRELATED_STRESS,1000,2000,3,6,6,toeplitz,5,upper_bound_K_known,136,1000,1000,0,0,0,0,0,1000,0,1000,1.0,0.0,1000,1.0,0.0,1000,1000,999,0.999,0.0009994999,999,0,999,0,936,0.936,0.0077397674,936,0,0.9369369369,0.0076905955,999,937,0.9584671196,0.0039450384,1000,0,0,0.0,0.0,0,0,0,1000,1000,0.0,0.0,0,1,1,0.001,0,0.0,0.0,0.0,0.0,0.0,0.0,0.001,0.0009994999,0.0,0.0,1.0,0.0
auc_N1000_p2000_s3_toeplitz_law6,known_s,boundary,auc,CORRELATED_STRESS,1000,2000,3,6,6,toeplitz,6,exact_s_known,137,1000,1000,0,0,0,0,0,1000,0,1000,1.0,0.0,1000,1.0,0.0,1000,1000,1000,1.0,0.0,1000,0,1000,0,936,0.936,0.0077397674,936,0,0.936,0.0077397674,1000,936,1.0316203762,0.0042915727,1000,0,0,0.0,0.0,0,0,0,1000,1000,0.0,0.0,0,0,0,0.0,0,0.0,0.0,0.0,0.0,0.0,0.0,0.0,0.0,0.0,0.0,1.0,0.0
auc_N1000_p2000_s3_toeplitz_law6,unknown_s,boundary,auc,CORRELATED_STRESS,1000,2000,3,6,6,toeplitz,6,upper_bound_K_known,137,1000,1000,0,0,0,0,0,1000,0,1000,1.0,0.0,1000,1.0,0.0,1000,1000,1000,1.0,0.0,1000,0,1000,0,936,0.936,0.0077397674,936,0,0.936,0.0077397674,1000,936,1.0316203762,0.0042915727,1000,0,0,0.0,0.0,0,0,0,1000,1000,0.0,0.0,0,0,0,0.0,0,0.0,0.0,0.0,0.0,0.0,0.0,0.0,0.0,0.0,0.0,1.0,0.0
auc_N1000_p2000_s3_tridiag_law1,known_s,interior,auc,CORRELATED_STRESS,1000,2000,3,6,6,tridiag,1,exact_s_known,138,1000,1000,0,0,0,0,0,1000,0,1000,1.0,0.0,1000,1.0,0.0,1000,1000,1000,1.0,0.0,1000,0,1000,0,956,0.956,0.0064856765,956,0,0.956,0.0064856765,1000,956,0.8658683002,0.0025242975,1000,0,0,0.0,0.0,0,0,0,1000,1000,0.0,0.0,0,0,0,0.0,0,0.0,0.0,0.0,0.0,0.0,0.0,0.0,0.0,0.0,0.0,1.0,0.0
auc_N1000_p2000_s3_tridiag_law1,unknown_s,interior,auc,CORRELATED_STRESS,1000,2000,3,6,6,tridiag,1,upper_bound_K_known,138,1000,1000,0,0,0,0,0,1000,0,1000,1.0,0.0,1000,1.0,0.0,1000,1000,999,0.999,0.0009994999,999,0,999,0,955,0.955,0.006555532,955,0,0.955955956,0.0064920191,999,956,0.8659827403,0.0025244285,1000,0,0,0.0,0.0,0,0,0,1000,1000,0.0,0.0,0,1,1,0.001,0,0.0,0.0,0.0,0.0,0.0,0.0,0.001,0.0009994999,0.0,0.0,1.0,0.0
auc_N1000_p2000_s3_tridiag_law2,known_s,interior,auc,CORRELATED_STRESS,1000,2000,3,6,6,tridiag,2,exact_s_known,139,1000,1000,0,0,0,0,0,1000,0,1000,1.0,0.0,1000,1.0,0.0,1000,1000,1000,1.0,0.0,1000,0,1000,0,932,0.932,0.0079609045,932,0,0.932,0.0079609045,1000,932,0.9345918465,0.0032989687,1000,0,0,0.0,0.0,0,0,0,1000,1000,0.0,0.0,0,0,0,0.0,0,0.0,0.0,0.0,0.0,0.0,0.0,0.0,0.0,0.0,0.0,1.0,0.0
auc_N1000_p2000_s3_tridiag_law2,unknown_s,interior,auc,CORRELATED_STRESS,1000,2000,3,6,6,tridiag,2,upper_bound_K_known,139,1000,1000,0,0,0,0,0,1000,0,1000,1.0,0.0,1000,1.0,0.0,1000,1000,1000,1.0,0.0,1000,0,1000,0,932,0.932,0.0079609045,932,0,0.932,0.0079609045,1000,932,0.9345918465,0.0032989687,1000,0,0,0.0,0.0,0,0,0,1000,1000,0.0,0.0,0,0,0,0.0,0,0.0,0.0,0.0,0.0,0.0,0.0,0.0,0.0,0.0,0.0,1.0,0.0
auc_N1000_p2000_s3_tridiag_law3,known_s,interior,auc,CORRELATED_STRESS,1000,2000,3,6,6,tridiag,3,exact_s_known,140,1000,1000,0,0,0,0,0,1000,0,1000,1.0,0.0,1000,1.0,0.0,1000,1000,1000,1.0,0.0,1000,0,1000,0,956,0.956,0.0064856765,956,0,0.956,0.0064856765,1000,956,0.8980993526,0.0028310882,1000,0,0,0.0,0.0,0,0,0,1000,1000,0.0,0.0,0,0,0,0.0,0,0.0,0.0,0.0,0.0,0.0,0.0,0.0,0.0,0.0,0.0,1.0,0.0
auc_N1000_p2000_s3_tridiag_law3,unknown_s,interior,auc,CORRELATED_STRESS,1000,2000,3,6,6,tridiag,3,upper_bound_K_known,140,1000,1000,0,0,0,0,0,1000,0,1000,1.0,0.0,1000,1.0,0.0,1000,1000,1000,1.0,0.0,1000,0,1000,0,956,0.956,0.0064856765,956,0,0.956,0.0064856765,1000,956,0.8980993526,0.0028310882,1000,0,0,0.0,0.0,0,0,0,1000,1000,0.0,0.0,0,0,0,0.0,0,0.0,0.0,0.0,0.0,0.0,0.0,0.0,0.0,0.0,0.0,1.0,0.0
auc_N1000_p2000_s3_tridiag_law4,known_s,interior,auc,CORRELATED_STRESS,1000,2000,3,6,6,tridiag,4,exact_s_known,141,1000,1000,0,0,0,0,0,1000,0,1000,1.0,0.0,1000,1.0,0.0,1000,1000,1000,1.0,0.0,1000,0,1000,0,950,0.95,0.0068920244,950,0,0.95,0.0068920244,1000,950,0.9570060261,0.0034714187,1000,0,0,0.0,0.0,0,0,0,1000,1000,0.0,0.0,0,0,0,0.0,0,0.0,0.0,0.0,0.0,0.0,0.0,0.0,0.0,0.0,0.0,1.0,0.0
auc_N1000_p2000_s3_tridiag_law4,unknown_s,interior,auc,CORRELATED_STRESS,1000,2000,3,6,6,tridiag,4,upper_bound_K_known,141,1000,1000,0,0,0,0,0,1000,0,1000,1.0,0.0,1000,1.0,0.0,1000,1000,999,0.999,0.0009994999,999,0,999,0,949,0.949,0.006956939,949,0,0.9499499499,0.0068987416,999,950,0.9569168629,0.0034685617,1000,0,0,0.0,0.0,0,0,0,1000,1000,0.0,0.0,0,1,1,0.001,0,0.0,0.0,0.0,0.0,0.0,0.0,0.001,0.0009994999,0.0,0.0,1.0,0.0
auc_N1000_p2000_s3_tridiag_law5,known_s,boundary,auc,CORRELATED_STRESS,1000,2000,3,6,6,tridiag,5,exact_s_known,142,1000,1000,0,0,0,0,0,1000,0,1000,1.0,0.0,1000,1.0,0.0,1000,1000,1000,1.0,0.0,1000,0,1000,0,953,0.953,0.0066926079,953,0,0.953,0.0066926079,1000,953,0.9534994177,0.0036843463,1000,0,0,0.0,0.0,0,0,0,1000,1000,0.0,0.0,0,0,0,0.0,0,0.0,0.0,0.0,0.0,0.0,0.0,0.0,0.0,0.0,0.0,1.0,0.0
auc_N1000_p2000_s3_tridiag_law5,unknown_s,boundary,auc,CORRELATED_STRESS,1000,2000,3,6,6,tridiag,5,upper_bound_K_known,142,1000,1000,0,0,0,0,0,1000,0,1000,1.0,0.0,1000,1.0,0.0,1000,1000,1000,1.0,0.0,1000,0,1000,0,953,0.953,0.0066926079,953,0,0.953,0.0066926079,1000,953,0.9534994177,0.0036843463,1000,0,0,0.0,0.0,0,0,0,1000,1000,0.0,0.0,0,0,0,0.0,0,0.0,0.0,0.0,0.0,0.0,0.0,0.0,0.0,0.0,0.0,1.0,0.0
auc_N1000_p2000_s3_tridiag_law6,known_s,boundary,auc,CORRELATED_STRESS,1000,2000,3,6,6,tridiag,6,exact_s_known,143,1000,1000,0,0,0,0,0,1000,0,1000,1.0,0.0,1000,1.0,0.0,1000,1000,1000,1.0,0.0,1000,0,1000,0,939,0.939,0.0075682891,939,0,0.939,0.0075682891,1000,939,1.0347848215,0.004167171,1000,0,0,0.0,0.0,0,0,0,1000,1000,0.0,0.0,0,0,0,0.0,0,0.0,0.0,0.0,0.0,0.0,0.0,0.0,0.0,0.0,0.0,1.0,0.0
auc_N1000_p2000_s3_tridiag_law6,unknown_s,boundary,auc,CORRELATED_STRESS,1000,2000,3,6,6,tridiag,6,upper_bound_K_known,143,1000,1000,0,0,0,0,0,1000,0,1000,1.0,0.0,999,0.999,0.0009994999,1000,999,998,0.998,0.0014127986,998,0,998,0,937,0.937,0.0076831634,937,0,0.9388777555,0.0075829624,998,937,1.03376819,0.0041667567,1000,0,0,0.0,0.0,1,1,1,1000,1000,0.0003333333,0.0003333333,1,1,1,0.001,0,0.0003332778,0.0003332778,0.001,0.0009994999,0.001,0.0009994999,0.001,0.0009994999,0.0,0.0,1.0,0.0
auc_N2000_p5000_s3_identity_law1,known_s,interior,auc,IDENTITY_REFERENCE,2000,5000,3,6,6,identity,1,exact_s_known,144,1000,1000,0,0,0,0,0,1000,0,1000,1.0,0.0,1000,1.0,0.0,1000,1000,1000,1.0,0.0,1000,0,1000,0,943,0.943,0.0073315073,943,0,0.943,0.0073315073,1000,943,0.6040783661,0.0011986552,1000,0,0,0.0,0.0,0,0,0,1000,1000,0.0,0.0,0,0,0,0.0,0,0.0,0.0,0.0,0.0,0.0,0.0,0.0,0.0,0.0,0.0,1.0,0.0
auc_N2000_p5000_s3_identity_law1,unknown_s,interior,auc,IDENTITY_REFERENCE,2000,5000,3,6,6,identity,1,upper_bound_K_known,144,1000,1000,0,0,0,0,0,1000,0,1000,1.0,0.0,1000,1.0,0.0,1000,1000,1000,1.0,0.0,1000,0,1000,0,943,0.943,0.0073315073,943,0,0.943,0.0073315073,1000,943,0.6040783661,0.0011986552,1000,0,0,0.0,0.0,0,0,0,1000,1000,0.0,0.0,0,0,0,0.0,0,0.0,0.0,0.0,0.0,0.0,0.0,0.0,0.0,0.0,0.0,1.0,0.0
auc_N2000_p5000_s3_identity_law2,known_s,interior,auc,IDENTITY_REFERENCE,2000,5000,3,6,6,identity,2,exact_s_known,145,1000,1000,0,0,0,0,0,1000,0,1000,1.0,0.0,1000,1.0,0.0,1000,1000,1000,1.0,0.0,1000,0,1000,0,943,0.943,0.0073315073,943,0,0.943,0.0073315073,1000,943,0.6563017768,0.0016585933,1000,0,0,0.0,0.0,0,0,0,1000,1000,0.0,0.0,0,0,0,0.0,0,0.0,0.0,0.0,0.0,0.0,0.0,0.0,0.0,0.0,0.0,1.0,0.0
auc_N2000_p5000_s3_identity_law2,unknown_s,interior,auc,IDENTITY_REFERENCE,2000,5000,3,6,6,identity,2,upper_bound_K_known,145,1000,1000,0,0,0,0,0,1000,0,1000,1.0,0.0,1000,1.0,0.0,1000,1000,1000,1.0,0.0,1000,0,1000,0,943,0.943,0.0073315073,943,0,0.943,0.0073315073,1000,943,0.6563017768,0.0016585933,1000,0,0,0.0,0.0,0,0,0,1000,1000,0.0,0.0,0,0,0,0.0,0,0.0,0.0,0.0,0.0,0.0,0.0,0.0,0.0,0.0,0.0,1.0,0.0
auc_N2000_p5000_s3_identity_law3,known_s,interior,auc,IDENTITY_REFERENCE,2000,5000,3,6,6,identity,3,exact_s_known,146,1000,1000,0,0,0,0,0,1000,0,1000,1.0,0.0,1000,1.0,0.0,1000,1000,1000,1.0,0.0,1000,0,1000,0,958,0.958,0.0063431853,958,0,0.958,0.0063431853,1000,958,0.6305705306,0.0014832618,1000,0,0,0.0,0.0,0,0,0,1000,1000,0.0,0.0,0,0,0,0.0,0,0.0,0.0,0.0,0.0,0.0,0.0,0.0,0.0,0.0,0.0,1.0,0.0
auc_N2000_p5000_s3_identity_law3,unknown_s,interior,auc,IDENTITY_REFERENCE,2000,5000,3,6,6,identity,3,upper_bound_K_known,146,1000,1000,0,0,0,0,0,1000,0,1000,1.0,0.0,1000,1.0,0.0,1000,1000,1000,1.0,0.0,1000,0,1000,0,958,0.958,0.0063431853,958,0,0.958,0.0063431853,1000,958,0.6305705306,0.0014832618,1000,0,0,0.0,0.0,0,0,0,1000,1000,0.0,0.0,0,0,0,0.0,0,0.0,0.0,0.0,0.0,0.0,0.0,0.0,0.0,0.0,0.0,1.0,0.0
auc_N2000_p5000_s3_identity_law4,known_s,interior,auc,IDENTITY_REFERENCE,2000,5000,3,6,6,identity,4,exact_s_known,147,1000,1000,0,0,0,0,0,1000,0,1000,1.0,0.0,1000,1.0,0.0,1000,1000,1000,1.0,0.0,1000,0,1000,0,943,0.943,0.0073315073,943,0,0.943,0.0073315073,1000,943,0.6749639968,0.0017935422,1000,0,0,0.0,0.0,0,0,0,1000,1000,0.0,0.0,0,0,0,0.0,0,0.0,0.0,0.0,0.0,0.0,0.0,0.0,0.0,0.0,0.0,1.0,0.0
auc_N2000_p5000_s3_identity_law4,unknown_s,interior,auc,IDENTITY_REFERENCE,2000,5000,3,6,6,identity,4,upper_bound_K_known,147,1000,1000,0,0,0,0,0,1000,0,1000,1.0,0.0,1000,1.0,0.0,1000,1000,1000,1.0,0.0,1000,0,1000,0,943,0.943,0.0073315073,943,0,0.943,0.0073315073,1000,943,0.6749639968,0.0017935422,1000,0,0,0.0,0.0,0,0,0,1000,1000,0.0,0.0,0,0,0,0.0,0,0.0,0.0,0.0,0.0,0.0,0.0,0.0,0.0,0.0,0.0,1.0,0.0
auc_N2000_p5000_s3_identity_law5,known_s,interior,auc,IDENTITY_REFERENCE,2000,5000,3,6,6,identity,5,exact_s_known,148,1000,1000,0,0,0,0,0,1000,0,1000,1.0,0.0,1000,1.0,0.0,1000,1000,1000,1.0,0.0,1000,0,1000,0,953,0.953,0.0066926079,953,0,0.953,0.0066926079,1000,953,0.6714604569,0.0018626338,1000,0,0,0.0,0.0,0,0,0,1000,1000,0.0,0.0,0,0,0,0.0,0,0.0,0.0,0.0,0.0,0.0,0.0,0.0,0.0,0.0,0.0,1.0,0.0
auc_N2000_p5000_s3_identity_law5,unknown_s,interior,auc,IDENTITY_REFERENCE,2000,5000,3,6,6,identity,5,upper_bound_K_known,148,1000,1000,0,0,0,0,0,1000,0,1000,1.0,0.0,1000,1.0,0.0,1000,1000,1000,1.0,0.0,1000,0,1000,0,953,0.953,0.0066926079,953,0,0.953,0.0066926079,1000,953,0.6714604569,0.0018626338,1000,0,0,0.0,0.0,0,0,0,1000,1000,0.0,0.0,0,0,0,0.0,0,0.0,0.0,0.0,0.0,0.0,0.0,0.0,0.0,0.0,0.0,1.0,0.0
auc_N2000_p5000_s3_identity_law6,known_s,interior,auc,IDENTITY_REFERENCE,2000,5000,3,6,6,identity,6,exact_s_known,149,1000,1000,0,0,0,0,0,1000,0,1000,1.0,0.0,1000,1.0,0.0,1000,1000,1000,1.0,0.0,1000,0,1000,0,947,0.947,0.0070845607,947,0,0.947,0.0070845607,1000,947,0.7259863153,0.0021807133,1000,0,0,0.0,0.0,0,0,0,1000,1000,0.0,0.0,0,0,0,0.0,0,0.0,0.0,0.0,0.0,0.0,0.0,0.0,0.0,0.0,0.0,1.0,0.0
auc_N2000_p5000_s3_identity_law6,unknown_s,interior,auc,IDENTITY_REFERENCE,2000,5000,3,6,6,identity,6,upper_bound_K_known,149,1000,1000,0,0,0,0,0,1000,0,1000,1.0,0.0,1000,1.0,0.0,1000,1000,1000,1.0,0.0,1000,0,1000,0,947,0.947,0.0070845607,947,0,0.947,0.0070845607,1000,947,0.7259863153,0.0021807133,1000,0,0,0.0,0.0,0,0,0,1000,1000,0.0,0.0,0,0,0,0.0,0,0.0,0.0,0.0,0.0,0.0,0.0,0.0,0.0,0.0,0.0,1.0,0.0
auc_N2000_p5000_s3_toeplitz_law1,known_s,interior,auc,CORRELATED_STRESS,2000,5000,3,6,6,toeplitz,1,exact_s_known,150,1000,1000,0,0,0,0,0,1000,0,1000,1.0,0.0,1000,1.0,0.0,1000,1000,1000,1.0,0.0,1000,0,1000,0,950,0.95,0.0068920244,950,0,0.95,0.0068920244,1000,950,0.6079110838,0.0012466883,1000,0,0,0.0,0.0,0,0,0,1000,1000,0.0,0.0,0,0,0,0.0,0,0.0,0.0,0.0,0.0,0.0,0.0,0.0,0.0,0.0,0.0,1.0,0.0
auc_N2000_p5000_s3_toeplitz_law1,unknown_s,interior,auc,CORRELATED_STRESS,2000,5000,3,6,6,toeplitz,1,upper_bound_K_known,150,1000,1000,0,0,0,0,0,1000,0,1000,1.0,0.0,1000,1.0,0.0,1000,1000,1000,1.0,0.0,1000,0,1000,0,950,0.95,0.0068920244,950,0,0.95,0.0068920244,1000,950,0.6079110838,0.0012466883,1000,0,0,0.0,0.0,0,0,0,1000,1000,0.0,0.0,0,0,0,0.0,0,0.0,0.0,0.0,0.0,0.0,0.0,0.0,0.0,0.0,0.0,1.0,0.0
auc_N2000_p5000_s3_toeplitz_law2,known_s,interior,auc,CORRELATED_STRESS,2000,5000,3,6,6,toeplitz,2,exact_s_known,151,1000,1000,0,0,0,0,0,1000,0,1000,1.0,0.0,1000,1.0,0.0,1000,1000,1000,1.0,0.0,1000,0,1000,0,944,0.944,0.0072707634,944,0,0.944,0.0072707634,1000,944,0.656043147,0.0016219792,1000,0,0,0.0,0.0,0,0,0,1000,1000,0.0,0.0,0,0,0,0.0,0,0.0,0.0,0.0,0.0,0.0,0.0,0.0,0.0,0.0,0.0,1.0,0.0
auc_N2000_p5000_s3_toeplitz_law2,unknown_s,interior,auc,CORRELATED_STRESS,2000,5000,3,6,6,toeplitz,2,upper_bound_K_known,151,1000,1000,0,0,0,0,0,1000,0,1000,1.0,0.0,1000,1.0,0.0,1000,1000,1000,1.0,0.0,1000,0,1000,0,944,0.944,0.0072707634,944,0,0.944,0.0072707634,1000,944,0.656043147,0.0016219792,1000,0,0,0.0,0.0,0,0,0,1000,1000,0.0,0.0,0,0,0,0.0,0,0.0,0.0,0.0,0.0,0.0,0.0,0.0,0.0,0.0,0.0,1.0,0.0
auc_N2000_p5000_s3_toeplitz_law3,known_s,interior,auc,CORRELATED_STRESS,2000,5000,3,6,6,toeplitz,3,exact_s_known,152,1000,1000,0,0,0,0,0,1000,0,1000,1.0,0.0,1000,1.0,0.0,1000,1000,1000,1.0,0.0,1000,0,1000,0,949,0.949,0.006956939,949,0,0.949,0.006956939,1000,949,0.6286537371,0.0013641065,1000,0,0,0.0,0.0,0,0,0,1000,1000,0.0,0.0,0,0,0,0.0,0,0.0,0.0,0.0,0.0,0.0,0.0,0.0,0.0,0.0,0.0,1.0,0.0
auc_N2000_p5000_s3_toeplitz_law3,unknown_s,interior,auc,CORRELATED_STRESS,2000,5000,3,6,6,toeplitz,3,upper_bound_K_known,152,1000,1000,0,0,0,0,0,1000,0,1000,1.0,0.0,1000,1.0,0.0,1000,1000,1000,1.0,0.0,1000,0,1000,0,949,0.949,0.006956939,949,0,0.949,0.006956939,1000,949,0.6286537371,0.0013641065,1000,0,0,0.0,0.0,0,0,0,1000,1000,0.0,0.0,0,0,0,0.0,0,0.0,0.0,0.0,0.0,0.0,0.0,0.0,0.0,0.0,0.0,1.0,0.0
auc_N2000_p5000_s3_toeplitz_law4,known_s,interior,auc,CORRELATED_STRESS,2000,5000,3,6,6,toeplitz,4,exact_s_known,153,1000,1000,0,0,0,0,0,1000,0,1000,1.0,0.0,1000,1.0,0.0,1000,1000,1000,1.0,0.0,1000,0,1000,0,937,0.937,0.0076831634,937,0,0.937,0.0076831634,1000,937,0.6782517772,0.0018492616,1000,0,0,0.0,0.0,0,0,0,1000,1000,0.0,0.0,0,0,0,0.0,0,0.0,0.0,0.0,0.0,0.0,0.0,0.0,0.0,0.0,0.0,1.0,0.0
auc_N2000_p5000_s3_toeplitz_law4,unknown_s,interior,auc,CORRELATED_STRESS,2000,5000,3,6,6,toeplitz,4,upper_bound_K_known,153,1000,1000,0,0,0,0,0,1000,0,1000,1.0,0.0,1000,1.0,0.0,1000,1000,1000,1.0,0.0,1000,0,1000,0,937,0.937,0.0076831634,937,0,0.937,0.0076831634,1000,937,0.6782517772,0.0018492616,1000,0,0,0.0,0.0,0,0,0,1000,1000,0.0,0.0,0,0,0,0.0,0,0.0,0.0,0.0,0.0,0.0,0.0,0.0,0.0,0.0,0.0,1.0,0.0
auc_N2000_p5000_s3_toeplitz_law5,known_s,interior,auc,CORRELATED_STRESS,2000,5000,3,6,6,toeplitz,5,exact_s_known,154,1000,1000,0,0,0,0,0,1000,0,1000,1.0,0.0,1000,1.0,0.0,1000,1000,1000,1.0,0.0,1000,0,1000,0,941,0.941,0.0074511073,941,0,0.941,0.0074511073,1000,941,0.6770698163,0.0019408951,1000,0,0,0.0,0.0,0,0,0,1000,1000,0.0,0.0,0,0,0,0.0,0,0.0,0.0,0.0,0.0,0.0,0.0,0.0,0.0,0.0,0.0,1.0,0.0
auc_N2000_p5000_s3_toeplitz_law5,unknown_s,interior,auc,CORRELATED_STRESS,2000,5000,3,6,6,toeplitz,5,upper_bound_K_known,154,1000,1000,0,0,0,0,0,1000,0,1000,1.0,0.0,1000,1.0,0.0,1000,1000,1000,1.0,0.0,1000,0,1000,0,941,0.941,0.0074511073,941,0,0.941,0.0074511073,1000,941,0.6770698163,0.0019408951,1000,0,0,0.0,0.0,0,0,0,1000,1000,0.0,0.0,0,0,0,0.0,0,0.0,0.0,0.0,0.0,0.0,0.0,0.0,0.0,0.0,0.0,1.0,0.0
auc_N2000_p5000_s3_toeplitz_law6,known_s,interior,auc,CORRELATED_STRESS,2000,5000,3,6,6,toeplitz,6,exact_s_known,155,1000,1000,0,0,0,0,0,1000,0,1000,1.0,0.0,1000,1.0,0.0,1000,1000,1000,1.0,0.0,1000,0,1000,0,952,0.952,0.0067598817,952,0,0.952,0.0067598817,1000,952,0.7298750059,0.0021591098,1000,0,0,0.0,0.0,0,0,0,1000,1000,0.0,0.0,0,0,0,0.0,0,0.0,0.0,0.0,0.0,0.0,0.0,0.0,0.0,0.0,0.0,1.0,0.0
auc_N2000_p5000_s3_toeplitz_law6,unknown_s,interior,auc,CORRELATED_STRESS,2000,5000,3,6,6,toeplitz,6,upper_bound_K_known,155,1000,1000,0,0,0,0,0,1000,0,1000,1.0,0.0,1000,1.0,0.0,1000,1000,1000,1.0,0.0,1000,0,1000,0,952,0.952,0.0067598817,952,0,0.952,0.0067598817,1000,952,0.7298750059,0.0021591098,1000,0,0,0.0,0.0,0,0,0,1000,1000,0.0,0.0,0,0,0,0.0,0,0.0,0.0,0.0,0.0,0.0,0.0,0.0,0.0,0.0,0.0,1.0,0.0
auc_N2000_p5000_s3_tridiag_law1,known_s,interior,auc,CORRELATED_STRESS,2000,5000,3,6,6,tridiag,1,exact_s_known,156,1000,1000,0,0,0,0,0,1000,0,1000,1.0,0.0,1000,1.0,0.0,1000,1000,1000,1.0,0.0,1000,0,1000,0,958,0.958,0.0063431853,958,0,0.958,0.0063431853,1000,958,0.6046158161,0.0011661391,1000,0,0,0.0,0.0,0,0,0,1000,1000,0.0,0.0,0,0,0,0.0,0,0.0,0.0,0.0,0.0,0.0,0.0,0.0,0.0,0.0,0.0,1.0,0.0
auc_N2000_p5000_s3_tridiag_law1,unknown_s,interior,auc,CORRELATED_STRESS,2000,5000,3,6,6,tridiag,1,upper_bound_K_known,156,1000,1000,0,0,0,0,0,1000,0,1000,1.0,0.0,1000,1.0,0.0,1000,1000,1000,1.0,0.0,1000,0,1000,0,958,0.958,0.0063431853,958,0,0.958,0.0063431853,1000,958,0.6046158161,0.0011661391,1000,0,0,0.0,0.0,0,0,0,1000,1000,0.0,0.0,0,0,0,0.0,0,0.0,0.0,0.0,0.0,0.0,0.0,0.0,0.0,0.0,0.0,1.0,0.0
auc_N2000_p5000_s3_tridiag_law2,known_s,interior,auc,CORRELATED_STRESS,2000,5000,3,6,6,tridiag,2,exact_s_known,157,1000,1000,0,0,0,0,0,1000,0,1000,1.0,0.0,1000,1.0,0.0,1000,1000,1000,1.0,0.0,1000,0,1000,0,947,0.947,0.0070845607,947,0,0.947,0.0070845607,1000,947,0.6575070049,0.0017117619,1000,0,0,0.0,0.0,0,0,0,1000,1000,0.0,0.0,0,0,0,0.0,0,0.0,0.0,0.0,0.0,0.0,0.0,0.0,0.0,0.0,0.0,1.0,0.0
auc_N2000_p5000_s3_tridiag_law2,unknown_s,interior,auc,CORRELATED_STRESS,2000,5000,3,6,6,tridiag,2,upper_bound_K_known,157,1000,1000,0,0,0,0,0,1000,0,1000,1.0,0.0,1000,1.0,0.0,1000,1000,1000,1.0,0.0,1000,0,1000,0,947,0.947,0.0070845607,947,0,0.947,0.0070845607,1000,947,0.6575070049,0.0017117619,1000,0,0,0.0,0.0,0,0,0,1000,1000,0.0,0.0,0,0,0,0.0,0,0.0,0.0,0.0,0.0,0.0,0.0,0.0,0.0,0.0,0.0,1.0,0.0
auc_N2000_p5000_s3_tridiag_law3,known_s,interior,auc,CORRELATED_STRESS,2000,5000,3,6,6,tridiag,3,exact_s_known,158,1000,1000,0,0,0,0,0,1000,0,1000,1.0,0.0,1000,1.0,0.0,1000,1000,1000,1.0,0.0,1000,0,1000,0,962,0.962,0.0060461558,962,0,0.962,0.0060461558,1000,962,0.6291219672,0.0014194218,1000,0,0,0.0,0.0,0,0,0,1000,1000,0.0,0.0,0,0,0,0.0,0,0.0,0.0,0.0,0.0,0.0,0.0,0.0,0.0,0.0,0.0,1.0,0.0
auc_N2000_p5000_s3_tridiag_law3,unknown_s,interior,auc,CORRELATED_STRESS,2000,5000,3,6,6,tridiag,3,upper_bound_K_known,158,1000,1000,0,0,0,0,0,1000,0,1000,1.0,0.0,1000,1.0,0.0,1000,1000,1000,1.0,0.0,1000,0,1000,0,962,0.962,0.0060461558,962,0,0.962,0.0060461558,1000,962,0.6291219672,0.0014194218,1000,0,0,0.0,0.0,0,0,0,1000,1000,0.0,0.0,0,0,0,0.0,0,0.0,0.0,0.0,0.0,0.0,0.0,0.0,0.0,0.0,0.0,1.0,0.0
auc_N2000_p5000_s3_tridiag_law4,known_s,interior,auc,CORRELATED_STRESS,2000,5000,3,6,6,tridiag,4,exact_s_known,159,1000,1000,0,0,0,0,0,1000,0,1000,1.0,0.0,1000,1.0,0.0,1000,1000,1000,1.0,0.0,1000,0,1000,0,947,0.947,0.0070845607,947,0,0.947,0.0070845607,1000,947,0.6759904799,0.001768111,1000,0,0,0.0,0.0,0,0,0,1000,1000,0.0,0.0,0,0,0,0.0,0,0.0,0.0,0.0,0.0,0.0,0.0,0.0,0.0,0.0,0.0,1.0,0.0
auc_N2000_p5000_s3_tridiag_law4,unknown_s,interior,auc,CORRELATED_STRESS,2000,5000,3,6,6,tridiag,4,upper_bound_K_known,159,1000,1000,0,0,0,0,0,1000,0,1000,1.0,0.0,1000,1.0,0.0,1000,1000,1000,1.0,0.0,1000,0,1000,0,947,0.947,0.0070845607,947,0,0.947,0.0070845607,1000,947,0.6759904799,0.001768111,1000,0,0,0.0,0.0,0,0,0,1000,1000,0.0,0.0,0,0,0,0.0,0,0.0,0.0,0.0,0.0,0.0,0.0,0.0,0.0,0.0,0.0,1.0,0.0
auc_N2000_p5000_s3_tridiag_law5,known_s,interior,auc,CORRELATED_STRESS,2000,5000,3,6,6,tridiag,5,exact_s_known,160,1000,1000,0,0,0,0,0,1000,0,1000,1.0,0.0,1000,1.0,0.0,1000,1000,1000,1.0,0.0,1000,0,1000,0,948,0.948,0.007021111,948,0,0.948,0.007021111,1000,948,0.6697980134,0.0018297788,1000,0,0,0.0,0.0,0,0,0,1000,1000,0.0,0.0,0,0,0,0.0,0,0.0,0.0,0.0,0.0,0.0,0.0,0.0,0.0,0.0,0.0,1.0,0.0
auc_N2000_p5000_s3_tridiag_law5,unknown_s,interior,auc,CORRELATED_STRESS,2000,5000,3,6,6,tridiag,5,upper_bound_K_known,160,1000,1000,0,0,0,0,0,1000,0,1000,1.0,0.0,1000,1.0,0.0,1000,1000,1000,1.0,0.0,1000,0,1000,0,948,0.948,0.007021111,948,0,0.948,0.007021111,1000,948,0.6697980134,0.0018297788,1000,0,0,0.0,0.0,0,0,0,1000,1000,0.0,0.0,0,0,0,0.0,0,0.0,0.0,0.0,0.0,0.0,0.0,0.0,0.0,0.0,0.0,1.0,0.0
auc_N2000_p5000_s3_tridiag_law6,known_s,interior,auc,CORRELATED_STRESS,2000,5000,3,6,6,tridiag,6,exact_s_known,161,1000,1000,0,0,0,0,0,1000,0,1000,1.0,0.0,1000,1.0,0.0,1000,1000,1000,1.0,0.0,1000,0,1000,0,948,0.948,0.007021111,948,0,0.948,0.007021111,1000,948,0.7297732239,0.0020990644,1000,0,0,0.0,0.0,0,0,0,1000,1000,0.0,0.0,0,0,0,0.0,0,0.0,0.0,0.0,0.0,0.0,0.0,0.0,0.0,0.0,0.0,1.0,0.0
auc_N2000_p5000_s3_tridiag_law6,unknown_s,interior,auc,CORRELATED_STRESS,2000,5000,3,6,6,tridiag,6,upper_bound_K_known,161,1000,1000,0,0,0,0,0,1000,0,1000,1.0,0.0,1000,1.0,0.0,1000,1000,1000,1.0,0.0,1000,0,1000,0,948,0.948,0.007021111,948,0,0.948,0.007021111,1000,948,0.7297732239,0.0020990644,1000,0,0,0.0,0.0,0,0,0,1000,1000,0.0,0.0,0,0,0,0.0,0,0.0,0.0,0.0,0.0,0.0,0.0,0.0,0.0,0.0,0.0,1.0,0.0
auc_N500_p1000_s3_identity_law1,known_s,interior,auc,IDENTITY_REFERENCE,500,1000,3,6,6,identity,1,exact_s_known,108,1000,998,2,0,0,0,0,998,2,998,0.998,0.0014127986,998,0.998,0.0014127986,998,998,998,0.998,0.0014127986,998,0,1000,2,963,0.963,0.0059691708,963,0,0.9649298597,0.0058230612,998,963,1.2643258905,0.0052725154,998,0,2,0.002,0.0014127986,0,0,6,998,1000,0.0,0.0,0,0,0,0.0,0,0.0,0.0,0.0,0.0,0.0,0.0,0.0,0.0,0.0,0.0,0.998,0.0014127986
auc_N500_p1000_s3_identity_law1,unknown_s,interior,auc,IDENTITY_REFERENCE,500,1000,3,6,6,identity,1,upper_bound_K_known,108,1000,998,2,0,0,0,0,998,2,998,0.998,0.0014127986,998,0.998,0.0014127986,998,998,995,0.995,0.0022304708,995,0,997,2,960,0.96,0.0061967734,960,0,0.9648241206,0.0058402981,995,962,1.2644260887,0.0052578542,998,0,2,0.002,0.0014127986,0,0,6,998,1000,0.0,0.0,0,3,3,0.003006012,0,0.0,0.0,0.0,0.0,0.0,0.0,0.003006012,0.0017329114,0.0,0.0,0.998,0.0014127986
auc_N500_p1000_s3_identity_law2,known_s,boundary,auc,IDENTITY_REFERENCE,500,1000,3,6,6,identity,2,exact_s_known,109,1000,1000,0,0,0,0,0,1000,0,1000,1.0,0.0,1000,1.0,0.0,1000,1000,1000,1.0,0.0,1000,0,1000,0,965,0.965,0.0058116263,965,0,0.965,0.0058116263,1000,965,1.3363907498,0.0062829568,1000,0,0,0.0,0.0,0,0,0,1000,1000,0.0,0.0,0,0,0,0.0,0,0.0,0.0,0.0,0.0,0.0,0.0,0.0,0.0,0.0,0.0,1.0,0.0
auc_N500_p1000_s3_identity_law2,unknown_s,boundary,auc,IDENTITY_REFERENCE,500,1000,3,6,6,identity,2,upper_bound_K_known,109,1000,1000,0,0,0,0,0,1000,0,1000,1.0,0.0,992,0.992,0.0028170907,1000,992,988,0.988,0.0034432543,988,0,988,0,953,0.953,0.0066926079,953,0,0.9645748988,0.0058809171,988,956,1.3278513144,0.0064277472,1000,0,0,0.0,0.0,10,10,10,1000,1000,0.0033333333,0.0033333333,8,4,4,0.004,0,0.0010523343,0.0010523343,0.008,0.0028170907,0.008,0.0028170907,0.004,0.001995996,0.0,0.0,1.0,0.0
auc_N500_p1000_s3_identity_law3,known_s,boundary,auc,IDENTITY_REFERENCE,500,1000,3,6,6,identity,3,exact_s_known,110,1000,1000,0,0,0,0,0,1000,0,1000,1.0,0.0,1000,1.0,0.0,1000,1000,1000,1.0,0.0,1000,0,1000,0,944,0.944,0.0072707634,944,0,0.944,0.0072707634,1000,944,1.2922336846,0.0058866398,1000,0,0,0.0,0.0,0,0,0,1000,1000,0.0,0.0,0,0,0,0.0,0,0.0,0.0,0.0,0.0,0.0,0.0,0.0,0.0,0.0,0.0,1.0,0.0
auc_N500_p1000_s3_identity_law3,unknown_s,boundary,auc,IDENTITY_REFERENCE,500,1000,3,6,6,identity,3,upper_bound_K_known,110,1000,1000,0,0,0,0,0,1000,0,1000,1.0,0.0,1000,1.0,0.0,1000,1000,997,0.997,0.0017294508,997,0,997,0,941,0.941,0.0074511073,941,0,0.9438314945,0.0072919904,997,944,1.2925460369,0.005895337,1000,0,0,0.0,0.0,0,0,0,1000,1000,0.0,0.0,0,3,3,0.003,0,0.0,0.0,0.0,0.0,0.0,0.0,0.003,0.0017294508,0.0,0.0,1.0,0.0
auc_N500_p1000_s3_identity_law4,known_s,boundary,auc,IDENTITY_REFERENCE,500,1000,3,6,6,identity,4,exact_s_known,111,1000,999,1,0,0,0,0,999,1,999,0.999,0.0009994999,999,0.999,0.0009994999,999,999,999,0.999,0.0009994999,999,0,1000,1,942,0.942,0.0073916169,942,0,0.9429429429,0.0073386242,999,942,1.3705565234,0.0066429266,999,0,1,0.001,0.0009994999,0,0,3,999,1000,0.0,0.0,0,0,0,0.0,0,0.0,0.0,0.0,0.0,0.0,0.0,0.0,0.0,0.0,0.0,0.999,0.0009994999
auc_N500_p1000_s3_identity_law4,unknown_s,boundary,auc,IDENTITY_REFERENCE,500,1000,3,6,6,identity,4,upper_bound_K_known,111,1000,999,1,0,0,0,0,999,1,999,0.999,0.0009994999,986,0.986,0.0037153735,999,986,979,0.979,0.0045342033,979,0,980,1,922,0.922,0.0084803302,922,0,0.9417773238,0.0074839151,979,928,1.3571371165,0.0069579558,999,0,1,0.001,0.0009994999,16,16,19,999,1000,0.005338672,0.0053333333,13,7,7,0.007007007,0,0.0013311006,0.001329773,0.013013013,0.0035856005,0.013,0.0035820385,0.007007007,0.0026391047,0.0,0.0,0.999,0.0009994999
auc_N500_p1000_s3_identity_law5,known_s,boundary,auc,IDENTITY_REFERENCE,500,1000,3,6,6,identity,5,exact_s_known,112,1000,1000,0,0,0,0,0,1000,0,1000,1.0,0.0,1000,1.0,0.0,1000,1000,1000,1.0,0.0,1000,0,1000,0,920,0.92,0.0085790442,920,0,0.92,0.0085790442,1000,920,1.3661902309,0.0077548294,1000,0,0,0.0,0.0,0,0,0,1000,1000,0.0,0.0,0,0,0,0.0,0,0.0,0.0,0.0,0.0,0.0,0.0,0.0,0.0,0.0,0.0,1.0,0.0
auc_N500_p1000_s3_identity_law5,unknown_s,boundary,auc,IDENTITY_REFERENCE,500,1000,3,6,6,identity,5,upper_bound_K_known,112,1000,995,0,5,0,0,5,995,5,995,0.995,0.0022304708,953,0.953,0.0066926079,1000,953,949,0.949,0.006956939,949,0,949,0,874,0.874,0.0104939983,874,0,0.9209694415,0.0087576388,949,879,1.324993897,0.0084619349,995,0,0,0.0,0.0,51,66,66,995,1000,0.0170854271,0.022,42,4,4,0.0040201005,0,0.0023719124,0.002678059,0.0422110553,0.0063743583,0.047,0.0066926079,0.0040201005,0.0020060059,0.005,0.0022304708,0.995,0.0022304708
auc_N500_p1000_s3_identity_law6,known_s,boundary,auc,IDENTITY_REFERENCE,500,1000,3,6,6,identity,6,exact_s_known,113,1000,1000,0,0,0,0,0,1000,0,1000,1.0,0.0,1000,1.0,0.0,1000,1000,1000,1.0,0.0,1000,0,1000,0,917,0.917,0.0087241619,917,0,0.917,0.0087241619,1000,917,1.4575283203,0.0084323115,1000,0,0,0.0,0.0,0,0,0,1000,1000,0.0,0.0,0,0,0,0.0,0,0.0,0.0,0.0,0.0,0.0,0.0,0.0,0.0,0.0,0.0,1.0,0.0
auc_N500_p1000_s3_identity_law6,unknown_s,boundary,auc,IDENTITY_REFERENCE,500,1000,3,6,6,identity,6,upper_bound_K_known,113,1000,986,0,14,0,0,14,986,14,986,0.986,0.0037153735,909,0.909,0.0090949986,1000,909,909,0.909,0.0090949986,909,0,909,0,830,0.83,0.0118785521,830,0,0.9130913091,0.0093434393,909,833,1.3735533875,0.0102180325,986,0,0,0.0,0.0,95,137,137,986,1000,0.0321162948,0.0456666667,77,0,0,0.0,0,0.0032417179,0.0038114399,0.0780933063,0.0085449973,0.091,0.0090949986,0.0,0.0,0.014,0.0037153735,0.986,0.0037153735
auc_N500_p1000_s3_toeplitz_law1,known_s,boundary,auc,CORRELATED_STRESS,500,1000,3,6,6,toeplitz,1,exact_s_known,114,1000,1000,0,0,0,0,0,1000,0,1000,1.0,0.0,1000,1.0,0.0,1000,1000,1000,1.0,0.0,1000,0,1000,0,958,0.958,0.0063431853,958,0,0.958,0.0063431853,1000,958,1.2627255024,0.0053847627,1000,0,0,0.0,0.0,0,0,0,1000,1000,0.0,0.0,0,0,0,0.0,0,0.0,0.0,0.0,0.0,0.0,0.0,0.0,0.0,0.0,0.0,1.0,0.0
auc_N500_p1000_s3_toeplitz_law1,unknown_s,boundary,auc,CORRELATED_STRESS,500,1000,3,6,6,toeplitz,1,upper_bound_K_known,114,1000,1000,0,0,0,0,0,1000,0,1000,1.0,0.0,1000,1.0,0.0,1000,1000,999,0.999,0.0009994999,999,0,999,0,957,0.957,0.0064149045,957,0,0.957957958,0.0063493955,999,958,1.2627040314,0.0053847112,1000,0,0,0.0,0.0,0,0,0,1000,1000,0.0,0.0,0,1,1,0.001,0,0.0,0.0,0.0,0.0,0.0,0.0,0.001,0.0009994999,0.0,0.0,1.0,0.0
auc_N500_p1000_s3_toeplitz_law2,known_s,boundary,auc,CORRELATED_STRESS,500,1000,3,6,6,toeplitz,2,exact_s_known,115,1000,998,2,0,0,0,0,998,2,998,0.998,0.0014127986,998,0.998,0.0014127986,998,998,998,0.998,0.0014127986,998,0,1000,2,939,0.939,0.0075682891,939,0,0.9408817635,0.0074655703,998,939,1.3495419571,0.0065577301,998,0,2,0.002,0.0014127986,0,0,6,998,1000,0.0,0.0,0,0,0,0.0,0,0.0,0.0,0.0,0.0,0.0,0.0,0.0,0.0,0.0,0.0,0.998,0.0014127986
auc_N500_p1000_s3_toeplitz_law2,unknown_s,boundary,auc,CORRELATED_STRESS,500,1000,3,6,6,toeplitz,2,upper_bound_K_known,115,1000,997,2,1,0,0,1,997,3,997,0.997,0.0017294508,985,0.985,0.0038438262,998,985,981,0.981,0.0043172908,981,0,983,2,922,0.922,0.0084803302,922,0,0.9398572885,0.0075908071,981,926,1.3364808305,0.0067833357,997,0,2,0.002,0.0014127986,14,17,23,997,1000,0.0046807088,0.0056666667,12,4,4,0.0040120361,0,0.0012480409,0.001370469,0.0120361083,0.003453552,0.013,0.0035820385,0.0040120361,0.0020019899,0.001,0.0009994999,0.997,0.0017294508
auc_N500_p1000_s3_toeplitz_law3,known_s,boundary,auc,CORRELATED_STRESS,500,1000,3,6,6,toeplitz,3,exact_s_known,116,1000,999,1,0,0,0,0,999,1,999,0.999,0.0009994999,999,0.999,0.0009994999,999,999,999,0.999,0.0009994999,999,0,1000,1,955,0.955,0.006555532,955,0,0.955955956,0.0064920191,999,955,1.2935629494,0.0057776219,999,0,1,0.001,0.0009994999,0,0,3,999,1000,0.0,0.0,0,0,0,0.0,0,0.0,0.0,0.0,0.0,0.0,0.0,0.0,0.0,0.0,0.0,0.999,0.0009994999
auc_N500_p1000_s3_toeplitz_law3,unknown_s,boundary,auc,CORRELATED_STRESS,500,1000,3,6,6,toeplitz,3,upper_bound_K_known,116,1000,999,1,0,0,0,0,999,1,999,0.999,0.0009994999,997,0.997,0.0017294508,999,997,993,0.993,0.0026364749,993,0,994,1,949,0.949,0.006956939,949,0,0.9556898288,0.0065303367,993,953,1.2917584579,0.0057993163,999,0,1,0.001,0.0009994999,2,2,5,999,1000,0.000667334,0.0006666667,2,4,4,0.004004004,0,0.0004717189,0.0004712474,0.002002002,0.0014142114,0.002,0.0014127986,0.004004004,0.00199799,0.0,0.0,0.999,0.0009994999
auc_N500_p1000_s3_toeplitz_law4,known_s,boundary,auc,CORRELATED_STRESS,500,1000,3,6,6,toeplitz,4,exact_s_known,117,1000,999,1,0,0,0,0,999,1,999,0.999,0.0009994999,999,0.999,0.0009994999,999,999,999,0.999,0.0009994999,999,0,1000,1,944,0.944,0.0072707634,944,0,0.9449449449,0.0072163753,999,944,1.3774729675,0.0066884725,999,0,1,0.001,0.0009994999,0,0,3,999,1000,0.0,0.0,0,0,0,0.0,0,0.0,0.0,0.0,0.0,0.0,0.0,0.0,0.0,0.0,0.0,0.999,0.0009994999
auc_N500_p1000_s3_toeplitz_law4,unknown_s,boundary,auc,CORRELATED_STRESS,500,1000,3,6,6,toeplitz,4,upper_bound_K_known,117,1000,997,1,2,0,0,2,997,3,997,0.997,0.0017294508,985,0.985,0.0038438262,999,985,983,0.983,0.004087909,983,0,984,1,928,0.928,0.0081741055,928,0,0.9440488301,0.0073303558,983,930,1.3648446945,0.0069227418,997,0,1,0.001,0.0009994999,14,20,23,997,1000,0.0046807088,0.0066666667,12,2,2,0.0020060181,0,0.0012480409,0.0014857346,0.0120361083,0.003453552,0.014,0.0037153735,0.0020060181,0.0014170455,0.002,0.0014127986,0.997,0.0017294508
auc_N500_p1000_s3_toeplitz_law5,known_s,boundary,auc,CORRELATED_STRESS,500,1000,3,6,6,toeplitz,5,exact_s_known,118,1000,1000,0,0,0,0,0,1000,0,1000,1.0,0.0,1000,1.0,0.0,1000,1000,1000,1.0,0.0,1000,0,1000,0,930,0.93,0.0080684571,930,0,0.93,0.0080684571,1000,930,1.3772840154,0.0076560798,1000,0,0,0.0,0.0,0,0,0,1000,1000,0.0,0.0,0,0,0,0.0,0,0.0,0.0,0.0,0.0,0.0,0.0,0.0,0.0,0.0,0.0,1.0,0.0
auc_N500_p1000_s3_toeplitz_law5,unknown_s,boundary,auc,CORRELATED_STRESS,500,1000,3,6,6,toeplitz,5,upper_bound_K_known,118,1000,993,0,7,0,0,7,993,7,993,0.993,0.0026364749,951,0.951,0.006826346,1000,951,950,0.95,0.0068920244,950,0,950,0,882,0.882,0.0102017646,882,0,0.9284210526,0.0083637943,950,890,1.3348076473,0.0082403364,993,0,0,0.0,0.0,50,71,71,993,1000,0.0167841558,0.0236666667,42,1,1,0.0010070493,0,0.002353634,0.0027752811,0.0422960725,0.0063869134,0.049,0.006826346,0.0010070493,0.0010065421,0.007,0.0026364749,0.993,0.0026364749
auc_N500_p1000_s3_toeplitz_law6,known_s,boundary,auc,CORRELATED_STRESS,500,1000,3,6,6,toeplitz,6,exact_s_known,119,1000,1000,0,0,0,0,0,1000,0,1000,1.0,0.0,1000,1.0,0.0,1000,1000,1000,1.0,0.0,1000,0,1000,0,910,0.91,0.0090498619,910,0,0.91,0.0090498619,1000,910,1.4637933973,0.0082347752,1000,0,0,0.0,0.0,0,0,0,1000,1000,0.0,0.0,0,0,0,0.0,0,0.0,0.0,0.0,0.0,0.0,0.0,0.0,0.0,0.0,0.0,1.0,0.0
auc_N500_p1000_s3_toeplitz_law6,unknown_s,boundary,auc,CORRELATED_STRESS,500,1000,3,6,6,toeplitz,6,upper_bound_K_known,119,1000,992,0,8,0,0,8,992,8,992,0.992,0.0028170907,903,0.903,0.0093590064,1000,903,901,0.901,0.0094445222,901,0,901,0,816,0.816,0.0122533261,816,0,0.9056603774,0.0097379459,901,824,1.3713460705,0.0102182019,992,0,0,0.0,0.0,112,136,136,992,1000,0.0376344086,0.0453333333,89,2,2,0.002016129,0,0.0034885594,0.0037981672,0.0897177419,0.0090734274,0.097,0.0093590064,0.002016129,0.0014241807,0.008,0.0028170907,0.992,0.0028170907
auc_N500_p1000_s3_tridiag_law1,known_s,boundary,auc,CORRELATED_STRESS,500,1000,3,6,6,tridiag,1,exact_s_known,120,1000,1000,0,0,0,0,0,1000,0,1000,1.0,0.0,1000,1.0,0.0,1000,1000,1000,1.0,0.0,1000,0,1000,0,961,0.961,0.0061220095,961,0,0.961,0.0061220095,1000,961,1.262489433,0.0052798326,1000,0,0,0.0,0.0,0,0,0,1000,1000,0.0,0.0,0,0,0,0.0,0,0.0,0.0,0.0,0.0,0.0,0.0,0.0,0.0,0.0,0.0,1.0,0.0
auc_N500_p1000_s3_tridiag_law1,unknown_s,boundary,auc,CORRELATED_STRESS,500,1000,3,6,6,tridiag,1,upper_bound_K_known,120,1000,1000,0,0,0,0,0,1000,0,1000,1.0,0.0,1000,1.0,0.0,1000,1000,999,0.999,0.0009994999,999,0,999,0,960,0.96,0.0061967734,960,0,0.960960961,0.0061280131,999,961,1.2623751988,0.0052830932,1000,0,0,0.0,0.0,0,0,0,1000,1000,0.0,0.0,0,1,1,0.001,0,0.0,0.0,0.0,0.0,0.0,0.0,0.001,0.0009994999,0.0,0.0,1.0,0.0
auc_N500_p1000_s3_tridiag_law2,known_s,boundary,auc,CORRELATED_STRESS,500,1000,3,6,6,tridiag,2,exact_s_known,121,1000,1000,0,0,0,0,0,1000,0,1000,1.0,0.0,1000,1.0,0.0,1000,1000,1000,1.0,0.0,1000,0,1000,0,938,0.938,0.0076260081,938,0,0.938,0.0076260081,1000,938,1.3301939557,0.0063407757,1000,0,0,0.0,0.0,0,0,0,1000,1000,0.0,0.0,0,0,0,0.0,0,0.0,0.0,0.0,0.0,0.0,0.0,0.0,0.0,0.0,0.0,1.0,0.0
auc_N500_p1000_s3_tridiag_law2,unknown_s,boundary,auc,CORRELATED_STRESS,500,1000,3,6,6,tridiag,2,upper_bound_K_known,121,1000,999,0,1,0,0,1,999,1,999,0.999,0.0009994999,989,0.989,0.0032983329,1000,989,987,0.987,0.0035820385,987,0,987,0,927,0.927,0.0082262385,927,0,0.9392097264,0.00760571,987,929,1.3187819662,0.0064585753,999,0,0,0.0,0.0,12,15,15,999,1000,0.004004004,0.005,10,2,2,0.002002002,0,0.00115354,0.0012877629,0.01001001,0.0031495602,0.011,0.0032983329,0.002002002,0.0014142114,0.001,0.0009994999,0.999,0.0009994999
auc_N500_p1000_s3_tridiag_law3,known_s,boundary,auc,CORRELATED_STRESS,500,1000,3,6,6,tridiag,3,exact_s_known,122,1000,1000,0,0,0,0,0,1000,0,1000,1.0,0.0,1000,1.0,0.0,1000,1000,1000,1.0,0.0,1000,0,1000,0,949,0.949,0.006956939,949,0,0.949,0.006956939,1000,949,1.2994424074,0.0058354329,1000,0,0,0.0,0.0,0,0,0,1000,1000,0.0,0.0,0,0,0,0.0,0,0.0,0.0,0.0,0.0,0.0,0.0,0.0,0.0,0.0,0.0,1.0,0.0
auc_N500_p1000_s3_tridiag_law3,unknown_s,boundary,auc,CORRELATED_STRESS,500,1000,3,6,6,tridiag,3,upper_bound_K_known,122,1000,1000,0,0,0,0,0,1000,0,1000,1.0,0.0,994,0.994,0.0024421302,1000,994,993,0.993,0.0026364749,993,0,993,0,942,0.942,0.0073916169,942,0,0.9486404834,0.0070046537,993,943,1.293131434,0.0059015535,1000,0,0,0.0,0.0,8,8,8,1000,1000,0.0026666667,0.0026666667,6,1,1,0.001,0,0.0009415511,0.0009415511,0.006,0.0024421302,0.006,0.0024421302,0.001,0.0009994999,0.0,0.0,1.0,0.0
auc_N500_p1000_s3_tridiag_law4,known_s,boundary,auc,CORRELATED_STRESS,500,1000,3,6,6,tridiag,4,exact_s_known,123,1000,1000,0,0,0,0,0,1000,0,1000,1.0,0.0,1000,1.0,0.0,1000,1000,1000,1.0,0.0,1000,0,1000,0,950,0.95,0.0068920244,950,0,0.95,0.0068920244,1000,950,1.3724776236,0.0070120775,1000,0,0,0.0,0.0,0,0,0,1000,1000,0.0,0.0,0,0,0,0.0,0,0.0,0.0,0.0,0.0,0.0,0.0,0.0,0.0,0.0,0.0,1.0,0.0
auc_N500_p1000_s3_tridiag_law4,unknown_s,boundary,auc,CORRELATED_STRESS,500,1000,3,6,6,tridiag,4,upper_bound_K_known,123,1000,1000,0,0,0,0,0,1000,0,1000,1.0,0.0,988,0.988,0.0034432543,1000,988,981,0.981,0.0043172908,981,0,981,0,931,0.931,0.0080149236,931,0,0.9490316004,0.0070219273,981,937,1.3598733516,0.0072745965,1000,0,0,0.0,0.0,15,15,15,1000,1000,0.005,0.005,12,8,8,0.008,0,0.0012877629,0.0012877629,0.012,0.0034432543,0.012,0.0034432543,0.008,0.0028170907,0.0,0.0,1.0,0.0
auc_N500_p1000_s3_tridiag_law5,known_s,boundary,auc,CORRELATED_STRESS,500,1000,3,6,6,tridiag,5,exact_s_known,124,1000,1000,0,0,0,0,0,1000,0,1000,1.0,0.0,1000,1.0,0.0,1000,1000,1000,1.0,0.0,1000,0,1000,0,937,0.937,0.0076831634,937,0,0.937,0.0076831634,1000,937,1.3625171976,0.0074242484,1000,0,0,0.0,0.0,0,0,0,1000,1000,0.0,0.0,0,0,0,0.0,0,0.0,0.0,0.0,0.0,0.0,0.0,0.0,0.0,0.0,0.0,1.0,0.0
auc_N500_p1000_s3_tridiag_law5,unknown_s,boundary,auc,CORRELATED_STRESS,500,1000,3,6,6,tridiag,5,upper_bound_K_known,124,1000,997,0,3,0,0,3,997,3,997,0.997,0.0017294508,952,0.952,0.0067598817,1000,952,951,0.951,0.006826346,951,0,951,0,893,0.893,0.0097750192,893,0,0.9390115668,0.0077601292,951,895,1.3194094156,0.0081848284,997,0,0,0.0,0.0,51,60,60,997,1000,0.0170511535,0.02,45,1,1,0.001003009,0,0.0023671955,0.0025560386,0.0451354062,0.0065747916,0.048,0.0067598817,0.001003009,0.0010025059,0.003,0.0017294508,0.997,0.0017294508
auc_N500_p1000_s3_tridiag_law6,known_s,boundary,auc,CORRELATED_STRESS,500,1000,3,6,6,tridiag,6,exact_s_known,125,1000,999,1,0,0,0,0,999,1,999,0.999,0.0009994999,999,0.999,0.0009994999,999,999,999,0.999,0.0009994999,999,0,1000,1,915,0.915,0.0088190136,915,0,0.9159159159,0.0087801505,999,915,1.4651068952,0.0084441912,999,0,1,0.001,0.0009994999,0,0,3,999,1000,0.0,0.0,0,0,0,0.0,0,0.0,0.0,0.0,0.0,0.0,0.0,0.0,0.0,0.0,0.0,0.999,0.0009994999
auc_N500_p1000_s3_tridiag_law6,unknown_s,boundary,auc,CORRELATED_STRESS,500,1000,3,6,6,tridiag,6,upper_bound_K_known,125,1000,991,1,8,0,0,8,991,9,991,0.991,0.0029864695,891,0.891,0.0098548973,999,891,890,0.89,0.0098944429,890,0,891,1,811,0.811,0.0123805896,811,0,0.9112359551,0.0095332057,890,817,1.3616783111,0.0105700933,991,0,1,0.001,0.0009994999,125,149,152,991,1000,0.0420450723,0.0496666667,100,1,1,0.0010090817,0,0.0036807188,0.0039665219,0.1009081736,0.0095681587,0.108,0.0098150904,0.0010090817,0.0010085725,0.008,0.0028170907,0.991,0.0029864695
auc_N6000_p8000_s20_identity_law1,known_s,interior,auc,IDENTITY_REFERENCE,6000,8000,20,40,40,identity,1,exact_s_known,162,1000,1000,0,0,0,0,0,1000,0,1000,1.0,0.0,1000,1.0,0.0,1000,1000,1000,1.0,0.0,1000,0,1000,0,948,0.948,0.007021111,948,0,0.948,0.007021111,1000,948,0.305761066,0.0002234124,1000,0,0,0.0,0.0,0,0,0,1000,1000,0.0,0.0,0,0,0,0.0,0,0.0,0.0,0.0,0.0,0.0,0.0,0.0,0.0,0.0,0.0,1.0,0.0
auc_N6000_p8000_s20_identity_law1,unknown_s,interior,auc,IDENTITY_REFERENCE,6000,8000,20,40,40,identity,1,upper_bound_K_known,162,1000,1000,0,0,0,0,0,1000,0,1000,1.0,0.0,1000,1.0,0.0,1000,1000,1000,1.0,0.0,1000,0,1000,0,948,0.948,0.007021111,948,0,0.948,0.007021111,1000,948,0.305761066,0.0002234124,1000,0,0,0.0,0.0,0,0,0,1000,1000,0.0,0.0,0,0,0,0.0,0,0.0,0.0,0.0,0.0,0.0,0.0,0.0,0.0,0.0,0.0,1.0,0.0
auc_N6000_p8000_s20_identity_law2,known_s,interior,auc,IDENTITY_REFERENCE,6000,8000,20,40,40,identity,2,exact_s_known,163,1000,1000,0,0,0,0,0,1000,0,1000,1.0,0.0,1000,1.0,0.0,1000,1000,1000,1.0,0.0,1000,0,1000,0,957,0.957,0.0064149045,957,0,0.957,0.0064149045,1000,957,0.3124648588,0.0002562911,1000,0,0,0.0,0.0,0,0,0,1000,1000,0.0,0.0,0,0,0,0.0,0,0.0,0.0,0.0,0.0,0.0,0.0,0.0,0.0,0.0,0.0,1.0,0.0
auc_N6000_p8000_s20_identity_law2,unknown_s,interior,auc,IDENTITY_REFERENCE,6000,8000,20,40,40,identity,2,upper_bound_K_known,163,1000,1000,0,0,0,0,0,1000,0,1000,1.0,0.0,1000,1.0,0.0,1000,1000,1000,1.0,0.0,1000,0,1000,0,957,0.957,0.0064149045,957,0,0.957,0.0064149045,1000,957,0.3124648588,0.0002562911,1000,0,0,0.0,0.0,0,0,0,1000,1000,0.0,0.0,0,0,0,0.0,0,0.0,0.0,0.0,0.0,0.0,0.0,0.0,0.0,0.0,0.0,1.0,0.0
auc_N6000_p8000_s20_identity_law3,known_s,interior,auc,IDENTITY_REFERENCE,6000,8000,20,40,40,identity,3,exact_s_known,164,1000,1000,0,0,0,0,0,1000,0,1000,1.0,0.0,1000,1.0,0.0,1000,1000,1000,1.0,0.0,1000,0,1000,0,963,0.963,0.0059691708,963,0,0.963,0.0059691708,1000,963,0.3093191477,0.0002384258,1000,0,0,0.0,0.0,0,0,0,1000,1000,0.0,0.0,0,0,0,0.0,0,0.0,0.0,0.0,0.0,0.0,0.0,0.0,0.0,0.0,0.0,1.0,0.0
auc_N6000_p8000_s20_identity_law3,unknown_s,interior,auc,IDENTITY_REFERENCE,6000,8000,20,40,40,identity,3,upper_bound_K_known,164,1000,1000,0,0,0,0,0,1000,0,1000,1.0,0.0,1000,1.0,0.0,1000,1000,1000,1.0,0.0,1000,0,1000,0,963,0.963,0.0059691708,963,0,0.963,0.0059691708,1000,963,0.3093191477,0.0002384258,1000,0,0,0.0,0.0,0,0,0,1000,1000,0.0,0.0,0,0,0,0.0,0,0.0,0.0,0.0,0.0,0.0,0.0,0.0,0.0,0.0,0.0,1.0,0.0
auc_N6000_p8000_s20_identity_law4,known_s,interior,auc,IDENTITY_REFERENCE,6000,8000,20,40,40,identity,4,exact_s_known,165,1000,1000,0,0,0,0,0,1000,0,1000,1.0,0.0,1000,1.0,0.0,1000,1000,1000,1.0,0.0,1000,0,1000,0,951,0.951,0.006826346,951,0,0.951,0.006826346,1000,951,0.3147752058,0.0002794924,1000,0,0,0.0,0.0,0,0,0,1000,1000,0.0,0.0,0,0,0,0.0,0,0.0,0.0,0.0,0.0,0.0,0.0,0.0,0.0,0.0,0.0,1.0,0.0
auc_N6000_p8000_s20_identity_law4,unknown_s,interior,auc,IDENTITY_REFERENCE,6000,8000,20,40,40,identity,4,upper_bound_K_known,165,1000,1000,0,0,0,0,0,1000,0,1000,1.0,0.0,1000,1.0,0.0,1000,1000,1000,1.0,0.0,1000,0,1000,0,951,0.951,0.006826346,951,0,0.951,0.006826346,1000,951,0.3147752058,0.0002794924,1000,0,0,0.0,0.0,0,0,0,1000,1000,0.0,0.0,0,0,0,0.0,0,0.0,0.0,0.0,0.0,0.0,0.0,0.0,0.0,0.0,0.0,1.0,0.0
auc_N6000_p8000_s20_identity_law5,known_s,interior,auc,IDENTITY_REFERENCE,6000,8000,20,40,40,identity,5,exact_s_known,166,1000,1000,0,0,0,0,0,1000,0,1000,1.0,0.0,1000,1.0,0.0,1000,1000,1000,1.0,0.0,1000,0,1000,0,937,0.937,0.0076831634,937,0,0.937,0.0076831634,1000,937,0.3043708726,0.0003014523,1000,0,0,0.0,0.0,0,0,0,1000,1000,0.0,0.0,0,0,0,0.0,0,0.0,0.0,0.0,0.0,0.0,0.0,0.0,0.0,0.0,0.0,1.0,0.0
auc_N6000_p8000_s20_identity_law5,unknown_s,interior,auc,IDENTITY_REFERENCE,6000,8000,20,40,40,identity,5,upper_bound_K_known,166,1000,1000,0,0,0,0,0,1000,0,1000,1.0,0.0,1000,1.0,0.0,1000,1000,1000,1.0,0.0,1000,0,1000,0,937,0.937,0.0076831634,937,0,0.937,0.0076831634,1000,937,0.3043708726,0.0003014523,1000,0,0,0.0,0.0,0,0,0,1000,1000,0.0,0.0,0,0,0,0.0,0,0.0,0.0,0.0,0.0,0.0,0.0,0.0,0.0,0.0,0.0,1.0,0.0
auc_N6000_p8000_s20_identity_law6,known_s,interior,auc,IDENTITY_REFERENCE,6000,8000,20,40,40,identity,6,exact_s_known,167,1000,1000,0,0,0,0,0,1000,0,1000,1.0,0.0,1000,1.0,0.0,1000,1000,1000,1.0,0.0,1000,0,1000,0,942,0.942,0.0073916169,942,0,0.942,0.0073916169,1000,942,0.3141975523,0.000329686,1000,0,0,0.0,0.0,0,0,0,1000,1000,0.0,0.0,0,0,0,0.0,0,0.0,0.0,0.0,0.0,0.0,0.0,0.0,0.0,0.0,0.0,1.0,0.0
auc_N6000_p8000_s20_identity_law6,unknown_s,interior,auc,IDENTITY_REFERENCE,6000,8000,20,40,40,identity,6,upper_bound_K_known,167,1000,1000,0,0,0,0,0,1000,0,1000,1.0,0.0,1000,1.0,0.0,1000,1000,1000,1.0,0.0,1000,0,1000,0,942,0.942,0.0073916169,942,0,0.942,0.0073916169,1000,942,0.3141975523,0.000329686,1000,0,0,0.0,0.0,0,0,0,1000,1000,0.0,0.0,0,0,0,0.0,0,0.0,0.0,0.0,0.0,0.0,0.0,0.0,0.0,0.0,0.0,1.0,0.0
auc_N6000_p8000_s20_toeplitz_law1,known_s,interior,auc,CORRELATED_STRESS,6000,8000,20,40,40,toeplitz,1,exact_s_known,168,1000,1000,0,0,0,0,0,1000,0,1000,1.0,0.0,1000,1.0,0.0,1000,1000,1000,1.0,0.0,1000,0,1000,0,956,0.956,0.0064856765,956,0,0.956,0.0064856765,1000,956,0.3066821379,0.0002379782,1000,0,0,0.0,0.0,0,0,0,1000,1000,0.0,0.0,0,0,0,0.0,0,0.0,0.0,0.0,0.0,0.0,0.0,0.0,0.0,0.0,0.0,1.0,0.0
auc_N6000_p8000_s20_toeplitz_law1,unknown_s,interior,auc,CORRELATED_STRESS,6000,8000,20,40,40,toeplitz,1,upper_bound_K_known,168,1000,1000,0,0,0,0,0,1000,0,1000,1.0,0.0,1000,1.0,0.0,1000,1000,1000,1.0,0.0,1000,0,1000,0,956,0.956,0.0064856765,956,0,0.956,0.0064856765,1000,956,0.3066821379,0.0002379782,1000,0,0,0.0,0.0,0,0,0,1000,1000,0.0,0.0,0,0,0,0.0,0,0.0,0.0,0.0,0.0,0.0,0.0,0.0,0.0,0.0,0.0,1.0,0.0
auc_N6000_p8000_s20_toeplitz_law2,known_s,interior,auc,CORRELATED_STRESS,6000,8000,20,40,40,toeplitz,2,exact_s_known,169,1000,1000,0,0,0,0,0,1000,0,1000,1.0,0.0,1000,1.0,0.0,1000,1000,1000,1.0,0.0,1000,0,1000,0,939,0.939,0.0075682891,939,0,0.939,0.0075682891,1000,939,0.3129933542,0.0002657203,1000,0,0,0.0,0.0,0,0,0,1000,1000,0.0,0.0,0,0,0,0.0,0,0.0,0.0,0.0,0.0,0.0,0.0,0.0,0.0,0.0,0.0,1.0,0.0
auc_N6000_p8000_s20_toeplitz_law2,unknown_s,interior,auc,CORRELATED_STRESS,6000,8000,20,40,40,toeplitz,2,upper_bound_K_known,169,1000,1000,0,0,0,0,0,1000,0,1000,1.0,0.0,1000,1.0,0.0,1000,1000,1000,1.0,0.0,1000,0,1000,0,939,0.939,0.0075682891,939,0,0.939,0.0075682891,1000,939,0.3129933542,0.0002657203,1000,0,0,0.0,0.0,0,0,0,1000,1000,0.0,0.0,0,0,0,0.0,0,0.0,0.0,0.0,0.0,0.0,0.0,0.0,0.0,0.0,0.0,1.0,0.0
auc_N6000_p8000_s20_toeplitz_law3,known_s,interior,auc,CORRELATED_STRESS,6000,8000,20,40,40,toeplitz,3,exact_s_known,170,1000,1000,0,0,0,0,0,1000,0,1000,1.0,0.0,1000,1.0,0.0,1000,1000,1000,1.0,0.0,1000,0,1000,0,939,0.939,0.0075682891,939,0,0.939,0.0075682891,1000,939,0.3099708375,0.0002478756,1000,0,0,0.0,0.0,0,0,0,1000,1000,0.0,0.0,0,0,0,0.0,0,0.0,0.0,0.0,0.0,0.0,0.0,0.0,0.0,0.0,0.0,1.0,0.0
auc_N6000_p8000_s20_toeplitz_law3,unknown_s,interior,auc,CORRELATED_STRESS,6000,8000,20,40,40,toeplitz,3,upper_bound_K_known,170,1000,1000,0,0,0,0,0,1000,0,1000,1.0,0.0,1000,1.0,0.0,1000,1000,1000,1.0,0.0,1000,0,1000,0,939,0.939,0.0075682891,939,0,0.939,0.0075682891,1000,939,0.3099708375,0.0002478756,1000,0,0,0.0,0.0,0,0,0,1000,1000,0.0,0.0,0,0,0,0.0,0,0.0,0.0,0.0,0.0,0.0,0.0,0.0,0.0,0.0,0.0,1.0,0.0
auc_N6000_p8000_s20_toeplitz_law4,known_s,interior,auc,CORRELATED_STRESS,6000,8000,20,40,40,toeplitz,4,exact_s_known,171,1000,1000,0,0,0,0,0,1000,0,1000,1.0,0.0,1000,1.0,0.0,1000,1000,1000,1.0,0.0,1000,0,1000,0,948,0.948,0.007021111,948,0,0.948,0.007021111,1000,948,0.3157388733,0.0002788578,1000,0,0,0.0,0.0,0,0,0,1000,1000,0.0,0.0,0,0,0,0.0,0,0.0,0.0,0.0,0.0,0.0,0.0,0.0,0.0,0.0,0.0,1.0,0.0
auc_N6000_p8000_s20_toeplitz_law4,unknown_s,interior,auc,CORRELATED_STRESS,6000,8000,20,40,40,toeplitz,4,upper_bound_K_known,171,1000,1000,0,0,0,0,0,1000,0,1000,1.0,0.0,1000,1.0,0.0,1000,1000,999,0.999,0.0009994999,999,0,999,0,947,0.947,0.0070845607,947,0,0.9479479479,0.0070279462,999,948,0.3157473132,0.0002788444,1000,0,0,0.0,0.0,0,0,0,1000,1000,0.0,0.0,0,1,1,0.001,0,0.0,0.0,0.0,0.0,0.0,0.0,0.001,0.0009994999,0.0,0.0,1.0,0.0
auc_N6000_p8000_s20_toeplitz_law5,known_s,interior,auc,CORRELATED_STRESS,6000,8000,20,40,40,toeplitz,5,exact_s_known,172,1000,1000,0,0,0,0,0,1000,0,1000,1.0,0.0,1000,1.0,0.0,1000,1000,1000,1.0,0.0,1000,0,1000,0,953,0.953,0.0066926079,953,0,0.953,0.0066926079,1000,953,0.3052679605,0.0002994048,1000,0,0,0.0,0.0,0,0,0,1000,1000,0.0,0.0,0,0,0,0.0,0,0.0,0.0,0.0,0.0,0.0,0.0,0.0,0.0,0.0,0.0,1.0,0.0
auc_N6000_p8000_s20_toeplitz_law5,unknown_s,interior,auc,CORRELATED_STRESS,6000,8000,20,40,40,toeplitz,5,upper_bound_K_known,172,1000,1000,0,0,0,0,0,1000,0,1000,1.0,0.0,1000,1.0,0.0,1000,1000,1000,1.0,0.0,1000,0,1000,0,953,0.953,0.0066926079,953,0,0.953,0.0066926079,1000,953,0.3052679605,0.0002994048,1000,0,0,0.0,0.0,0,0,0,1000,1000,0.0,0.0,0,0,0,0.0,0,0.0,0.0,0.0,0.0,0.0,0.0,0.0,0.0,0.0,0.0,1.0,0.0
auc_N6000_p8000_s20_toeplitz_law6,known_s,interior,auc,CORRELATED_STRESS,6000,8000,20,40,40,toeplitz,6,exact_s_known,173,1000,1000,0,0,0,0,0,1000,0,1000,1.0,0.0,1000,1.0,0.0,1000,1000,1000,1.0,0.0,1000,0,1000,0,959,0.959,0.0062704864,959,0,0.959,0.0062704864,1000,959,0.3145686681,0.0003224521,1000,0,0,0.0,0.0,0,0,0,1000,1000,0.0,0.0,0,0,0,0.0,0,0.0,0.0,0.0,0.0,0.0,0.0,0.0,0.0,0.0,0.0,1.0,0.0
auc_N6000_p8000_s20_toeplitz_law6,unknown_s,interior,auc,CORRELATED_STRESS,6000,8000,20,40,40,toeplitz,6,upper_bound_K_known,173,1000,1000,0,0,0,0,0,1000,0,1000,1.0,0.0,1000,1.0,0.0,1000,1000,1000,1.0,0.0,1000,0,1000,0,959,0.959,0.0062704864,959,0,0.959,0.0062704864,1000,959,0.3145686681,0.0003224521,1000,0,0,0.0,0.0,0,0,0,1000,1000,0.0,0.0,0,0,0,0.0,0,0.0,0.0,0.0,0.0,0.0,0.0,0.0,0.0,0.0,0.0,1.0,0.0
auc_N6000_p8000_s20_tridiag_law1,known_s,interior,auc,CORRELATED_STRESS,6000,8000,20,40,40,tridiag,1,exact_s_known,174,1000,1000,0,0,0,0,0,1000,0,1000,1.0,0.0,1000,1.0,0.0,1000,1000,1000,1.0,0.0,1000,0,1000,0,951,0.951,0.006826346,951,0,0.951,0.006826346,1000,951,0.3064327747,0.0002211128,1000,0,0,0.0,0.0,0,0,0,1000,1000,0.0,0.0,0,0,0,0.0,0,0.0,0.0,0.0,0.0,0.0,0.0,0.0,0.0,0.0,0.0,1.0,0.0
auc_N6000_p8000_s20_tridiag_law1,unknown_s,interior,auc,CORRELATED_STRESS,6000,8000,20,40,40,tridiag,1,upper_bound_K_known,174,1000,1000,0,0,0,0,0,1000,0,1000,1.0,0.0,1000,1.0,0.0,1000,1000,1000,1.0,0.0,1000,0,1000,0,951,0.951,0.006826346,951,0,0.951,0.006826346,1000,951,0.3064327747,0.0002211128,1000,0,0,0.0,0.0,0,0,0,1000,1000,0.0,0.0,0,0,0,0.0,0,0.0,0.0,0.0,0.0,0.0,0.0,0.0,0.0,0.0,0.0,1.0,0.0
auc_N6000_p8000_s20_tridiag_law2,known_s,interior,auc,CORRELATED_STRESS,6000,8000,20,40,40,tridiag,2,exact_s_known,175,1000,1000,0,0,0,0,0,1000,0,1000,1.0,0.0,1000,1.0,0.0,1000,1000,1000,1.0,0.0,1000,0,1000,0,958,0.958,0.0063431853,958,0,0.958,0.0063431853,1000,958,0.3126536751,0.0002698388,1000,0,0,0.0,0.0,0,0,0,1000,1000,0.0,0.0,0,0,0,0.0,0,0.0,0.0,0.0,0.0,0.0,0.0,0.0,0.0,0.0,0.0,1.0,0.0
auc_N6000_p8000_s20_tridiag_law2,unknown_s,interior,auc,CORRELATED_STRESS,6000,8000,20,40,40,tridiag,2,upper_bound_K_known,175,1000,1000,0,0,0,0,0,1000,0,1000,1.0,0.0,1000,1.0,0.0,1000,1000,1000,1.0,0.0,1000,0,1000,0,958,0.958,0.0063431853,958,0,0.958,0.0063431853,1000,958,0.3126536751,0.0002698388,1000,0,0,0.0,0.0,0,0,0,1000,1000,0.0,0.0,0,0,0,0.0,0,0.0,0.0,0.0,0.0,0.0,0.0,0.0,0.0,0.0,0.0,1.0,0.0
auc_N6000_p8000_s20_tridiag_law3,known_s,interior,auc,CORRELATED_STRESS,6000,8000,20,40,40,tridiag,3,exact_s_known,176,1000,1000,0,0,0,0,0,1000,0,1000,1.0,0.0,1000,1.0,0.0,1000,1000,1000,1.0,0.0,1000,0,1000,0,962,0.962,0.0060461558,962,0,0.962,0.0060461558,1000,962,0.3095798728,0.000235571,1000,0,0,0.0,0.0,0,0,0,1000,1000,0.0,0.0,0,0,0,0.0,0,0.0,0.0,0.0,0.0,0.0,0.0,0.0,0.0,0.0,0.0,1.0,0.0
auc_N6000_p8000_s20_tridiag_law3,unknown_s,interior,auc,CORRELATED_STRESS,6000,8000,20,40,40,tridiag,3,upper_bound_K_known,176,1000,1000,0,0,0,0,0,1000,0,1000,1.0,0.0,1000,1.0,0.0,1000,1000,1000,1.0,0.0,1000,0,1000,0,962,0.962,0.0060461558,962,0,0.962,0.0060461558,1000,962,0.3095798728,0.000235571,1000,0,0,0.0,0.0,0,0,0,1000,1000,0.0,0.0,0,0,0,0.0,0,0.0,0.0,0.0,0.0,0.0,0.0,0.0,0.0,0.0,0.0,1.0,0.0
auc_N6000_p8000_s20_tridiag_law4,known_s,interior,auc,CORRELATED_STRESS,6000,8000,20,40,40,tridiag,4,exact_s_known,177,1000,1000,0,0,0,0,0,1000,0,1000,1.0,0.0,1000,1.0,0.0,1000,1000,1000,1.0,0.0,1000,0,1000,0,943,0.943,0.0073315073,943,0,0.943,0.0073315073,1000,943,0.3156727811,0.0002827013,1000,0,0,0.0,0.0,0,0,0,1000,1000,0.0,0.0,0,0,0,0.0,0,0.0,0.0,0.0,0.0,0.0,0.0,0.0,0.0,0.0,0.0,1.0,0.0
auc_N6000_p8000_s20_tridiag_law4,unknown_s,interior,auc,CORRELATED_STRESS,6000,8000,20,40,40,tridiag,4,upper_bound_K_known,177,1000,1000,0,0,0,0,0,1000,0,1000,1.0,0.0,1000,1.0,0.0,1000,1000,1000,1.0,0.0,1000,0,1000,0,943,0.943,0.0073315073,943,0,0.943,0.0073315073,1000,943,0.3156727811,0.0002827013,1000,0,0,0.0,0.0,0,0,0,1000,1000,0.0,0.0,0,0,0,0.0,0,0.0,0.0,0.0,0.0,0.0,0.0,0.0,0.0,0.0,0.0,1.0,0.0
auc_N6000_p8000_s20_tridiag_law5,known_s,interior,auc,CORRELATED_STRESS,6000,8000,20,40,40,tridiag,5,exact_s_known,178,1000,1000,0,0,0,0,0,1000,0,1000,1.0,0.0,1000,1.0,0.0,1000,1000,1000,1.0,0.0,1000,0,1000,0,963,0.963,0.0059691708,963,0,0.963,0.0059691708,1000,963,0.3049806465,0.000293321,1000,0,0,0.0,0.0,0,0,0,1000,1000,0.0,0.0,0,0,0,0.0,0,0.0,0.0,0.0,0.0,0.0,0.0,0.0,0.0,0.0,0.0,1.0,0.0
auc_N6000_p8000_s20_tridiag_law5,unknown_s,interior,auc,CORRELATED_STRESS,6000,8000,20,40,40,tridiag,5,upper_bound_K_known,178,1000,1000,0,0,0,0,0,1000,0,1000,1.0,0.0,1000,1.0,0.0,1000,1000,1000,1.0,0.0,1000,0,1000,0,963,0.963,0.0059691708,963,0,0.963,0.0059691708,1000,963,0.3049806465,0.000293321,1000,0,0,0.0,0.0,0,0,0,1000,1000,0.0,0.0,0,0,0,0.0,0,0.0,0.0,0.0,0.0,0.0,0.0,0.0,0.0,0.0,0.0,1.0,0.0
auc_N6000_p8000_s20_tridiag_law6,known_s,interior,auc,CORRELATED_STRESS,6000,8000,20,40,40,tridiag,6,exact_s_known,179,1000,1000,0,0,0,0,0,1000,0,1000,1.0,0.0,1000,1.0,0.0,1000,1000,1000,1.0,0.0,1000,0,1000,0,936,0.936,0.0077397674,936,0,0.936,0.0077397674,1000,936,0.3135103226,0.0003468931,1000,0,0,0.0,0.0,0,0,0,1000,1000,0.0,0.0,0,0,0,0.0,0,0.0,0.0,0.0,0.0,0.0,0.0,0.0,0.0,0.0,0.0,1.0,0.0
auc_N6000_p8000_s20_tridiag_law6,unknown_s,interior,auc,CORRELATED_STRESS,6000,8000,20,40,40,tridiag,6,upper_bound_K_known,179,1000,1000,0,0,0,0,0,1000,0,1000,1.0,0.0,1000,1.0,0.0,1000,1000,1000,1.0,0.0,1000,0,1000,0,936,0.936,0.0077397674,936,0,0.936,0.0077397674,1000,936,0.3135103226,0.0003468931,1000,0,0,0.0,0.0,0,0,0,1000,1000,0.0,0.0,0,0,0,0.0,0,0.0,0.0,0.0,0.0,0.0,0.0,0.0,0.0,0.0,0.0,1.0,0.0
rank_N1000_p2000_s20_identity_law1,known_s,interior,rank,IDENTITY_REFERENCE,1000,2000,20,40,40,identity,1,exact_s_known,54,1000,1000,0,0,0,0,0,1000,0,1000,1.0,0.0,1000,1.0,0.0,1000,1000,1000,1.0,0.0,1000,0,1000,0,956,0.956,0.0064856765,956,0,0.956,0.0064856765,1000,956,0.2012804813,0.0001953819,1000,0,0,0.0,0.0,0,0,0,1000,1000,0.0,0.0,0,0,0,0.0,0,0.0,0.0,0.0,0.0,0.0,0.0,0.0,0.0,0.0,0.0,1.0,0.0
rank_N1000_p2000_s20_identity_law1,unknown_s,interior,rank,IDENTITY_REFERENCE,1000,2000,20,40,40,identity,1,upper_bound_K_known,54,1000,1000,0,0,0,0,0,1000,0,1000,1.0,0.0,1000,1.0,0.0,1000,1000,997,0.997,0.0017294508,997,0,997,0,953,0.953,0.0066926079,953,0,0.9558676028,0.0065047416,997,956,0.201280115,0.0001953494,1000,0,0,0.0,0.0,0,0,0,1000,1000,0.0,0.0,0,3,3,0.003,0,0.0,0.0,0.0,0.0,0.0,0.0,0.003,0.0017294508,0.0,0.0,1.0,0.0
rank_N1000_p2000_s20_identity_law2,known_s,interior,rank,IDENTITY_REFERENCE,1000,2000,20,40,40,identity,2,exact_s_known,55,1000,1000,0,0,0,0,0,1000,0,1000,1.0,0.0,1000,1.0,0.0,1000,1000,1000,1.0,0.0,1000,0,1000,0,957,0.957,0.0064149045,957,0,0.957,0.0064149045,1000,957,0.174603395,0.0001931746,1000,0,0,0.0,0.0,0,0,0,1000,1000,0.0,0.0,0,0,0,0.0,0,0.0,0.0,0.0,0.0,0.0,0.0,0.0,0.0,0.0,0.0,1.0,0.0
rank_N1000_p2000_s20_identity_law2,unknown_s,interior,rank,IDENTITY_REFERENCE,1000,2000,20,40,40,identity,2,upper_bound_K_known,55,1000,1000,0,0,0,0,0,1000,0,1000,1.0,0.0,1000,1.0,0.0,1000,1000,1000,1.0,0.0,1000,0,1000,0,957,0.957,0.0064149045,957,0,0.957,0.0064149045,1000,957,0.174603395,0.0001931746,1000,0,0,0.0,0.0,0,0,0,1000,1000,0.0,0.0,0,0,0,0.0,0,0.0,0.0,0.0,0.0,0.0,0.0,0.0,0.0,0.0,0.0,1.0,0.0
rank_N1000_p2000_s20_identity_law3,known_s,interior,rank,IDENTITY_REFERENCE,1000,2000,20,40,40,identity,3,exact_s_known,56,1000,1000,0,0,0,0,0,1000,0,1000,1.0,0.0,1000,1.0,0.0,1000,1000,1000,1.0,0.0,1000,0,1000,0,966,0.966,0.0057309685,966,0,0.966,0.0057309685,1000,966,0.1891809577,0.0001854482,1000,0,0,0.0,0.0,0,0,0,1000,1000,0.0,0.0,0,0,0,0.0,0,0.0,0.0,0.0,0.0,0.0,0.0,0.0,0.0,0.0,0.0,1.0,0.0
rank_N1000_p2000_s20_identity_law3,unknown_s,interior,rank,IDENTITY_REFERENCE,1000,2000,20,40,40,identity,3,upper_bound_K_known,56,1000,1000,0,0,0,0,0,1000,0,1000,1.0,0.0,1000,1.0,0.0,1000,1000,1000,1.0,0.0,1000,0,1000,0,966,0.966,0.0057309685,966,0,0.966,0.0057309685,1000,966,0.1891809577,0.0001854482,1000,0,0,0.0,0.0,0,0,0,1000,1000,0.0,0.0,0,0,0,0.0,0,0.0,0.0,0.0,0.0,0.0,0.0,0.0,0.0,0.0,0.0,1.0,0.0
rank_N1000_p2000_s20_identity_law4,known_s,interior,rank,IDENTITY_REFERENCE,1000,2000,20,40,40,identity,4,exact_s_known,57,1000,1000,0,0,0,0,0,1000,0,1000,1.0,0.0,1000,1.0,0.0,1000,1000,1000,1.0,0.0,1000,0,1000,0,954,0.954,0.0066245,954,0,0.954,0.0066245,1000,954,0.2605129991,0.000313397,1000,0,0,0.0,0.0,0,0,0,1000,1000,0.0,0.0,0,0,0,0.0,0,0.0,0.0,0.0,0.0,0.0,0.0,0.0,0.0,0.0,0.0,1.0,0.0
rank_N1000_p2000_s20_identity_law4,unknown_s,interior,rank,IDENTITY_REFERENCE,1000,2000,20,40,40,identity,4,upper_bound_K_known,57,1000,1000,0,0,0,0,0,1000,0,1000,1.0,0.0,1000,1.0,0.0,1000,1000,999,0.999,0.0009994999,999,0,999,0,953,0.953,0.0066926079,953,0,0.953953954,0.0066309711,999,954,0.2605089485,0.0003132372,1000,0,0,0.0,0.0,0,0,0,1000,1000,0.0,0.0,0,1,1,0.001,0,0.0,0.0,0.0,0.0,0.0,0.0,0.001,0.0009994999,0.0,0.0,1.0,0.0
rank_N1000_p2000_s20_identity_law5,known_s,interior,rank,IDENTITY_REFERENCE,1000,2000,20,40,40,identity,5,exact_s_known,58,1000,1000,0,0,0,0,0,1000,0,1000,1.0,0.0,1000,1.0,0.0,1000,1000,1000,1.0,0.0,1000,0,1000,0,965,0.965,0.0058116263,965,0,0.965,0.0058116263,1000,965,0.4130379565,0.0006185894,1000,0,0,0.0,0.0,0,0,0,1000,1000,0.0,0.0,0,0,0,0.0,0,0.0,0.0,0.0,0.0,0.0,0.0,0.0,0.0,0.0,0.0,1.0,0.0
rank_N1000_p2000_s20_identity_law5,unknown_s,interior,rank,IDENTITY_REFERENCE,1000,2000,20,40,40,identity,5,upper_bound_K_known,58,1000,1000,0,0,0,0,0,1000,0,1000,1.0,0.0,1000,1.0,0.0,1000,1000,1000,1.0,0.0,1000,0,1000,0,965,0.965,0.0058116263,965,0,0.965,0.0058116263,1000,965,0.4130379565,0.0006185894,1000,0,0,0.0,0.0,0,0,0,1000,1000,0.0,0.0,0,0,0,0.0,0,0.0,0.0,0.0,0.0,0.0,0.0,0.0,0.0,0.0,0.0,1.0,0.0
rank_N1000_p2000_s20_identity_law6,known_s,interior,rank,IDENTITY_REFERENCE,1000,2000,20,40,40,identity,6,exact_s_known,59,1000,1000,0,0,0,0,0,1000,0,1000,1.0,0.0,1000,1.0,0.0,1000,1000,1000,1.0,0.0,1000,0,1000,0,952,0.952,0.0067598817,952,0,0.952,0.0067598817,1000,952,0.2327385821,0.0002715132,1000,0,0,0.0,0.0,0,0,0,1000,1000,0.0,0.0,0,0,0,0.0,0,0.0,0.0,0.0,0.0,0.0,0.0,0.0,0.0,0.0,0.0,1.0,0.0
rank_N1000_p2000_s20_identity_law6,unknown_s,interior,rank,IDENTITY_REFERENCE,1000,2000,20,40,40,identity,6,upper_bound_K_known,59,1000,1000,0,0,0,0,0,1000,0,1000,1.0,0.0,1000,1.0,0.0,1000,1000,999,0.999,0.0009994999,999,0,999,0,951,0.951,0.006826346,951,0,0.951951952,0.0067664775,999,952,0.2327395241,0.000271507,1000,0,0,0.0,0.0,0,0,0,1000,1000,0.0,0.0,0,1,1,0.001,0,0.0,0.0,0.0,0.0,0.0,0.0,0.001,0.0009994999,0.0,0.0,1.0,0.0
rank_N1000_p2000_s20_toeplitz_law1,known_s,interior,rank,CORRELATED_STRESS,1000,2000,20,40,40,toeplitz,1,exact_s_known,60,1000,1000,0,0,0,0,0,1000,0,1000,1.0,0.0,1000,1.0,0.0,1000,1000,1000,1.0,0.0,1000,0,1000,0,964,0.964,0.0058910101,964,0,0.964,0.0058910101,1000,964,0.2021103898,0.0001951268,1000,0,0,0.0,0.0,0,0,0,1000,1000,0.0,0.0,0,0,0,0.0,0,0.0,0.0,0.0,0.0,0.0,0.0,0.0,0.0,0.0,0.0,1.0,0.0
rank_N1000_p2000_s20_toeplitz_law1,unknown_s,interior,rank,CORRELATED_STRESS,1000,2000,20,40,40,toeplitz,1,upper_bound_K_known,60,1000,1000,0,0,0,0,0,1000,0,1000,1.0,0.0,1000,1.0,0.0,1000,1000,999,0.999,0.0009994999,999,0,999,0,963,0.963,0.0059691708,963,0,0.963963964,0.0058967968,999,964,0.2021101581,0.0001951212,1000,0,0,0.0,0.0,0,0,0,1000,1000,0.0,0.0,0,1,1,0.001,0,0.0,0.0,0.0,0.0,0.0,0.0,0.001,0.0009994999,0.0,0.0,1.0,0.0
rank_N1000_p2000_s20_toeplitz_law2,known_s,interior,rank,CORRELATED_STRESS,1000,2000,20,40,40,toeplitz,2,exact_s_known,61,1000,1000,0,0,0,0,0,1000,0,1000,1.0,0.0,1000,1.0,0.0,1000,1000,1000,1.0,0.0,1000,0,1000,0,960,0.96,0.0061967734,960,0,0.96,0.0061967734,1000,960,0.1751790182,0.0001957958,1000,0,0,0.0,0.0,0,0,0,1000,1000,0.0,0.0,0,0,0,0.0,0,0.0,0.0,0.0,0.0,0.0,0.0,0.0,0.0,0.0,0.0,1.0,0.0
rank_N1000_p2000_s20_toeplitz_law2,unknown_s,interior,rank,CORRELATED_STRESS,1000,2000,20,40,40,toeplitz,2,upper_bound_K_known,61,1000,1000,0,0,0,0,0,1000,0,1000,1.0,0.0,1000,1.0,0.0,1000,1000,999,0.999,0.0009994999,999,0,999,0,959,0.959,0.0062704864,959,0,0.95995996,0.006202847,999,960,0.1751719834,0.0001960323,1000,0,0,0.0,0.0,0,0,0,1000,1000,0.0,0.0,0,1,1,0.001,0,0.0,0.0,0.0,0.0,0.0,0.0,0.001,0.0009994999,0.0,0.0,1.0,0.0
rank_N1000_p2000_s20_toeplitz_law3,known_s,interior,rank,CORRELATED_STRESS,1000,2000,20,40,40,toeplitz,3,exact_s_known,62,1000,1000,0,0,0,0,0,1000,0,1000,1.0,0.0,1000,1.0,0.0,1000,1000,1000,1.0,0.0,1000,0,1000,0,961,0.961,0.0061220095,961,0,0.961,0.0061220095,1000,961,0.1899224459,0.0001951688,1000,0,0,0.0,0.0,0,0,0,1000,1000,0.0,0.0,0,0,0,0.0,0,0.0,0.0,0.0,0.0,0.0,0.0,0.0,0.0,0.0,0.0,1.0,0.0
rank_N1000_p2000_s20_toeplitz_law3,unknown_s,interior,rank,CORRELATED_STRESS,1000,2000,20,40,40,toeplitz,3,upper_bound_K_known,62,1000,1000,0,0,0,0,0,1000,0,1000,1.0,0.0,1000,1.0,0.0,1000,1000,998,0.998,0.0014127986,998,0,998,0,959,0.959,0.0062704864,959,0,0.9609218437,0.0061340286,998,961,0.1899218668,0.0001952475,1000,0,0,0.0,0.0,0,0,0,1000,1000,0.0,0.0,0,2,2,0.002,0,0.0,0.0,0.0,0.0,0.0,0.0,0.002,0.0014127986,0.0,0.0,1.0,0.0
rank_N1000_p2000_s20_toeplitz_law4,known_s,interior,rank,CORRELATED_STRESS,1000,2000,20,40,40,toeplitz,4,exact_s_known,63,1000,1000,0,0,0,0,0,1000,0,1000,1.0,0.0,1000,1.0,0.0,1000,1000,1000,1.0,0.0,1000,0,1000,0,967,0.967,0.0056489822,967,0,0.967,0.0056489822,1000,967,0.2612777021,0.000305424,1000,0,0,0.0,0.0,0,0,0,1000,1000,0.0,0.0,0,0,0,0.0,0,0.0,0.0,0.0,0.0,0.0,0.0,0.0,0.0,0.0,0.0,1.0,0.0
rank_N1000_p2000_s20_toeplitz_law4,unknown_s,interior,rank,CORRELATED_STRESS,1000,2000,20,40,40,toeplitz,4,upper_bound_K_known,63,1000,1000,0,0,0,0,0,1000,0,1000,1.0,0.0,1000,1.0,0.0,1000,1000,998,0.998,0.0014127986,998,0,998,0,965,0.965,0.0058116263,965,0,0.9669338677,0.0056601093,998,967,0.2612719566,0.0003048241,1000,0,0,0.0,0.0,0,0,0,1000,1000,0.0,0.0,0,2,2,0.002,0,0.0,0.0,0.0,0.0,0.0,0.0,0.002,0.0014127986,0.0,0.0,1.0,0.0
rank_N1000_p2000_s20_toeplitz_law5,known_s,interior,rank,CORRELATED_STRESS,1000,2000,20,40,40,toeplitz,5,exact_s_known,64,1000,1000,0,0,0,0,0,1000,0,1000,1.0,0.0,1000,1.0,0.0,1000,1000,1000,1.0,0.0,1000,0,1000,0,974,0.974,0.0050322957,974,0,0.974,0.0050322957,1000,974,0.4148676259,0.0006492314,1000,0,0,0.0,0.0,0,0,0,1000,1000,0.0,0.0,0,0,0,0.0,0,0.0,0.0,0.0,0.0,0.0,0.0,0.0,0.0,0.0,0.0,1.0,0.0
rank_N1000_p2000_s20_toeplitz_law5,unknown_s,interior,rank,CORRELATED_STRESS,1000,2000,20,40,40,toeplitz,5,upper_bound_K_known,64,1000,1000,0,0,0,0,0,1000,0,1000,1.0,0.0,1000,1.0,0.0,1000,1000,999,0.999,0.0009994999,999,0,999,0,973,0.973,0.0051255244,973,0,0.973973974,0.0050372657,999,974,0.4148991158,0.000649772,1000,0,0,0.0,0.0,0,0,0,1000,1000,0.0,0.0,0,1,1,0.001,0,0.0,0.0,0.0,0.0,0.0,0.0,0.001,0.0009994999,0.0,0.0,1.0,0.0
rank_N1000_p2000_s20_toeplitz_law6,known_s,interior,rank,CORRELATED_STRESS,1000,2000,20,40,40,toeplitz,6,exact_s_known,65,1000,1000,0,0,0,0,0,1000,0,1000,1.0,0.0,1000,1.0,0.0,1000,1000,1000,1.0,0.0,1000,0,1000,0,969,0.969,0.0054807846,969,0,0.969,0.0054807846,1000,969,0.233956772,0.0002672389,1000,0,0,0.0,0.0,0,0,0,1000,1000,0.0,0.0,0,0,0,0.0,0,0.0,0.0,0.0,0.0,0.0,0.0,0.0,0.0,0.0,0.0,1.0,0.0
rank_N1000_p2000_s20_toeplitz_law6,unknown_s,interior,rank,CORRELATED_STRESS,1000,2000,20,40,40,toeplitz,6,upper_bound_K_known,65,1000,1000,0,0,0,0,0,1000,0,1000,1.0,0.0,1000,1.0,0.0,1000,1000,998,0.998,0.0014127986,998,0,998,0,967,0.967,0.0056489822,967,0,0.9689378758,0.0054915921,998,969,0.2339509002,0.0002672415,1000,0,0,0.0,0.0,0,0,0,1000,1000,0.0,0.0,0,2,2,0.002,0,0.0,0.0,0.0,0.0,0.0,0.0,0.002,0.0014127986,0.0,0.0,1.0,0.0
rank_N1000_p2000_s20_tridiag_law1,known_s,interior,rank,CORRELATED_STRESS,1000,2000,20,40,40,tridiag,1,exact_s_known,66,1000,1000,0,0,0,0,0,1000,0,1000,1.0,0.0,1000,1.0,0.0,1000,1000,1000,1.0,0.0,1000,0,1000,0,956,0.956,0.0064856765,956,0,0.956,0.0064856765,1000,956,0.2013435857,0.000196498,1000,0,0,0.0,0.0,0,0,0,1000,1000,0.0,0.0,0,0,0,0.0,0,0.0,0.0,0.0,0.0,0.0,0.0,0.0,0.0,0.0,0.0,1.0,0.0
rank_N1000_p2000_s20_tridiag_law1,unknown_s,interior,rank,CORRELATED_STRESS,1000,2000,20,40,40,tridiag,1,upper_bound_K_known,66,1000,1000,0,0,0,0,0,1000,0,1000,1.0,0.0,1000,1.0,0.0,1000,1000,1000,1.0,0.0,1000,0,1000,0,956,0.956,0.0064856765,956,0,0.956,0.0064856765,1000,956,0.2013435857,0.000196498,1000,0,0,0.0,0.0,0,0,0,1000,1000,0.0,0.0,0,0,0,0.0,0,0.0,0.0,0.0,0.0,0.0,0.0,0.0,0.0,0.0,0.0,1.0,0.0
rank_N1000_p2000_s20_tridiag_law2,known_s,interior,rank,CORRELATED_STRESS,1000,2000,20,40,40,tridiag,2,exact_s_known,67,1000,1000,0,0,0,0,0,1000,0,1000,1.0,0.0,1000,1.0,0.0,1000,1000,1000,1.0,0.0,1000,0,1000,0,962,0.962,0.0060461558,962,0,0.962,0.0060461558,1000,962,0.1752856932,0.0001940058,1000,0,0,0.0,0.0,0,0,0,1000,1000,0.0,0.0,0,0,0,0.0,0,0.0,0.0,0.0,0.0,0.0,0.0,0.0,0.0,0.0,0.0,1.0,0.0
rank_N1000_p2000_s20_tridiag_law2,unknown_s,interior,rank,CORRELATED_STRESS,1000,2000,20,40,40,tridiag,2,upper_bound_K_known,67,1000,1000,0,0,0,0,0,1000,0,1000,1.0,0.0,1000,1.0,0.0,1000,1000,1000,1.0,0.0,1000,0,1000,0,962,0.962,0.0060461558,962,0,0.962,0.0060461558,1000,962,0.1752856932,0.0001940058,1000,0,0,0.0,0.0,0,0,0,1000,1000,0.0,0.0,0,0,0,0.0,0,0.0,0.0,0.0,0.0,0.0,0.0,0.0,0.0,0.0,0.0,1.0,0.0
rank_N1000_p2000_s20_tridiag_law3,known_s,interior,rank,CORRELATED_STRESS,1000,2000,20,40,40,tridiag,3,exact_s_known,68,1000,1000,0,0,0,0,0,1000,0,1000,1.0,0.0,1000,1.0,0.0,1000,1000,1000,1.0,0.0,1000,0,1000,0,956,0.956,0.0064856765,956,0,0.956,0.0064856765,1000,956,0.1898157936,0.0001895388,1000,0,0,0.0,0.0,0,0,0,1000,1000,0.0,0.0,0,0,0,0.0,0,0.0,0.0,0.0,0.0,0.0,0.0,0.0,0.0,0.0,0.0,1.0,0.0
rank_N1000_p2000_s20_tridiag_law3,unknown_s,interior,rank,CORRELATED_STRESS,1000,2000,20,40,40,tridiag,3,upper_bound_K_known,68,1000,1000,0,0,0,0,0,1000,0,1000,1.0,0.0,1000,1.0,0.0,1000,1000,998,0.998,0.0014127986,998,0,998,0,954,0.954,0.0066245,954,0,0.9559118236,0.0064983742,998,956,0.1898125817,0.0001895331,1000,0,0,0.0,0.0,0,0,0,1000,1000,0.0,0.0,0,2,2,0.002,0,0.0,0.0,0.0,0.0,0.0,0.0,0.002,0.0014127986,0.0,0.0,1.0,0.0
rank_N1000_p2000_s20_tridiag_law4,known_s,interior,rank,CORRELATED_STRESS,1000,2000,20,40,40,tridiag,4,exact_s_known,69,1000,1000,0,0,0,0,0,1000,0,1000,1.0,0.0,1000,1.0,0.0,1000,1000,1000,1.0,0.0,1000,0,1000,0,961,0.961,0.0061220095,961,0,0.961,0.0061220095,1000,961,0.2617424317,0.0003047573,1000,0,0,0.0,0.0,0,0,0,1000,1000,0.0,0.0,0,0,0,0.0,0,0.0,0.0,0.0,0.0,0.0,0.0,0.0,0.0,0.0,0.0,1.0,0.0
rank_N1000_p2000_s20_tridiag_law4,unknown_s,interior,rank,CORRELATED_STRESS,1000,2000,20,40,40,tridiag,4,upper_bound_K_known,69,1000,1000,0,0,0,0,0,1000,0,1000,1.0,0.0,1000,1.0,0.0,1000,1000,999,0.999,0.0009994999,999,0,999,0,960,0.96,0.0061967734,960,0,0.960960961,0.0061280131,999,961,0.2617419291,0.0003047598,1000,0,0,0.0,0.0,0,0,0,1000,1000,0.0,0.0,0,1,1,0.001,0,0.0,0.0,0.0,0.0,0.0,0.0,0.001,0.0009994999,0.0,0.0,1.0,0.0
rank_N1000_p2000_s20_tridiag_law5,known_s,interior,rank,CORRELATED_STRESS,1000,2000,20,40,40,tridiag,5,exact_s_known,70,1000,1000,0,0,0,0,0,1000,0,1000,1.0,0.0,1000,1.0,0.0,1000,1000,1000,1.0,0.0,1000,0,1000,0,974,0.974,0.0050322957,974,0,0.974,0.0050322957,1000,974,0.4137064046,0.0006371288,1000,0,0,0.0,0.0,0,0,0,1000,1000,0.0,0.0,0,0,0,0.0,0,0.0,0.0,0.0,0.0,0.0,0.0,0.0,0.0,0.0,0.0,1.0,0.0
rank_N1000_p2000_s20_tridiag_law5,unknown_s,interior,rank,CORRELATED_STRESS,1000,2000,20,40,40,tridiag,5,upper_bound_K_known,70,1000,1000,0,0,0,0,0,1000,0,1000,1.0,0.0,1000,1.0,0.0,1000,1000,1000,1.0,0.0,1000,0,1000,0,974,0.974,0.0050322957,974,0,0.974,0.0050322957,1000,974,0.4137064046,0.0006371288,1000,0,0,0.0,0.0,0,0,0,1000,1000,0.0,0.0,0,0,0,0.0,0,0.0,0.0,0.0,0.0,0.0,0.0,0.0,0.0,0.0,0.0,1.0,0.0
rank_N1000_p2000_s20_tridiag_law6,known_s,interior,rank,CORRELATED_STRESS,1000,2000,20,40,40,tridiag,6,exact_s_known,71,1000,1000,0,0,0,0,0,1000,0,1000,1.0,0.0,1000,1.0,0.0,1000,1000,1000,1.0,0.0,1000,0,1000,0,964,0.964,0.0058910101,964,0,0.964,0.0058910101,1000,964,0.2339256911,0.0002736302,1000,0,0,0.0,0.0,0,0,0,1000,1000,0.0,0.0,0,0,0,0.0,0,0.0,0.0,0.0,0.0,0.0,0.0,0.0,0.0,0.0,0.0,1.0,0.0
rank_N1000_p2000_s20_tridiag_law6,unknown_s,interior,rank,CORRELATED_STRESS,1000,2000,20,40,40,tridiag,6,upper_bound_K_known,71,1000,1000,0,0,0,0,0,1000,0,1000,1.0,0.0,1000,1.0,0.0,1000,1000,1000,1.0,0.0,1000,0,1000,0,964,0.964,0.0058910101,964,0,0.964,0.0058910101,1000,964,0.2339256911,0.0002736302,1000,0,0,0.0,0.0,0,0,0,1000,1000,0.0,0.0,0,0,0,0.0,0,0.0,0.0,0.0,0.0,0.0,0.0,0.0,0.0,0.0,0.0,1.0,0.0
rank_N1000_p2000_s3_identity_law1,known_s,interior,rank,IDENTITY_REFERENCE,1000,2000,3,6,6,identity,1,exact_s_known,36,1000,1000,0,0,0,0,0,1000,0,1000,1.0,0.0,1000,1.0,0.0,1000,1000,1000,1.0,0.0,1000,0,1000,0,953,0.953,0.0066926079,953,0,0.953,0.0066926079,1000,953,0.1582420308,0.0001994113,1000,0,0,0.0,0.0,0,0,0,1000,1000,0.0,0.0,0,0,0,0.0,0,0.0,0.0,0.0,0.0,0.0,0.0,0.0,0.0,0.0,0.0,1.0,0.0
rank_N1000_p2000_s3_identity_law1,unknown_s,interior,rank,IDENTITY_REFERENCE,1000,2000,3,6,6,identity,1,upper_bound_K_known,36,1000,1000,0,0,0,0,0,1000,0,1000,1.0,0.0,1000,1.0,0.0,1000,1000,999,0.999,0.0009994999,999,0,999,0,952,0.952,0.0067598817,952,0,0.952952953,0.0066991418,999,953,0.1582404918,0.0001993896,1000,0,0,0.0,0.0,0,0,0,1000,1000,0.0,0.0,0,1,1,0.001,0,0.0,0.0,0.0,0.0,0.0,0.0,0.001,0.0009994999,0.0,0.0,1.0,0.0
rank_N1000_p2000_s3_identity_law2,known_s,interior,rank,IDENTITY_REFERENCE,1000,2000,3,6,6,identity,2,exact_s_known,37,1000,1000,0,0,0,0,0,1000,0,1000,1.0,0.0,1000,1.0,0.0,1000,1000,1000,1.0,0.0,1000,0,1000,0,946,0.946,0.0071473072,946,0,0.946,0.0071473072,1000,946,0.136433422,0.0001993378,1000,0,0,0.0,0.0,0,0,0,1000,1000,0.0,0.0,0,0,0,0.0,0,0.0,0.0,0.0,0.0,0.0,0.0,0.0,0.0,0.0,0.0,1.0,0.0
rank_N1000_p2000_s3_identity_law2,unknown_s,interior,rank,IDENTITY_REFERENCE,1000,2000,3,6,6,identity,2,upper_bound_K_known,37,1000,1000,0,0,0,0,0,1000,0,1000,1.0,0.0,1000,1.0,0.0,1000,1000,1000,1.0,0.0,1000,0,1000,0,946,0.946,0.0071473072,946,0,0.946,0.0071473072,1000,946,0.136433422,0.0001993378,1000,0,0,0.0,0.0,0,0,0,1000,1000,0.0,0.0,0,0,0,0.0,0,0.0,0.0,0.0,0.0,0.0,0.0,0.0,0.0,0.0,0.0,1.0,0.0
rank_N1000_p2000_s3_identity_law3,known_s,interior,rank,IDENTITY_REFERENCE,1000,2000,3,6,6,identity,3,exact_s_known,38,1000,1000,0,0,0,0,0,1000,0,1000,1.0,0.0,1000,1.0,0.0,1000,1000,1000,1.0,0.0,1000,0,1000,0,967,0.967,0.0056489822,967,0,0.967,0.0056489822,1000,967,0.1483809358,0.0001978146,1000,0,0,0.0,0.0,0,0,0,1000,1000,0.0,0.0,0,0,0,0.0,0,0.0,0.0,0.0,0.0,0.0,0.0,0.0,0.0,0.0,0.0,1.0,0.0
rank_N1000_p2000_s3_identity_law3,unknown_s,interior,rank,IDENTITY_REFERENCE,1000,2000,3,6,6,identity,3,upper_bound_K_known,38,1000,1000,0,0,0,0,0,1000,0,1000,1.0,0.0,1000,1.0,0.0,1000,1000,1000,1.0,0.0,1000,0,1000,0,967,0.967,0.0056489822,967,0,0.967,0.0056489822,1000,967,0.1483809358,0.0001978146,1000,0,0,0.0,0.0,0,0,0,1000,1000,0.0,0.0,0,0,0,0.0,0,0.0,0.0,0.0,0.0,0.0,0.0,0.0,0.0,0.0,0.0,1.0,0.0
rank_N1000_p2000_s3_identity_law4,known_s,interior,rank,IDENTITY_REFERENCE,1000,2000,3,6,6,identity,4,exact_s_known,39,1000,1000,0,0,0,0,0,1000,0,1000,1.0,0.0,1000,1.0,0.0,1000,1000,1000,1.0,0.0,1000,0,1000,0,948,0.948,0.007021111,948,0,0.948,0.007021111,1000,948,0.2031460205,0.0002957647,1000,0,0,0.0,0.0,0,0,0,1000,1000,0.0,0.0,0,0,0,0.0,0,0.0,0.0,0.0,0.0,0.0,0.0,0.0,0.0,0.0,0.0,1.0,0.0
rank_N1000_p2000_s3_identity_law4,unknown_s,interior,rank,IDENTITY_REFERENCE,1000,2000,3,6,6,identity,4,upper_bound_K_known,39,1000,1000,0,0,0,0,0,1000,0,1000,1.0,0.0,1000,1.0,0.0,1000,1000,1000,1.0,0.0,1000,0,1000,0,948,0.948,0.007021111,948,0,0.948,0.007021111,1000,948,0.2031460205,0.0002957647,1000,0,0,0.0,0.0,0,0,0,1000,1000,0.0,0.0,0,0,0,0.0,0,0.0,0.0,0.0,0.0,0.0,0.0,0.0,0.0,0.0,0.0,1.0,0.0
rank_N1000_p2000_s3_identity_law5,known_s,interior,rank,IDENTITY_REFERENCE,1000,2000,3,6,6,identity,5,exact_s_known,40,1000,1000,0,0,0,0,0,1000,0,1000,1.0,0.0,1000,1.0,0.0,1000,1000,1000,1.0,0.0,1000,0,1000,0,951,0.951,0.006826346,951,0,0.951,0.006826346,1000,951,0.3161053908,0.0005778247,1000,0,0,0.0,0.0,0,0,0,1000,1000,0.0,0.0,0,0,0,0.0,0,0.0,0.0,0.0,0.0,0.0,0.0,0.0,0.0,0.0,0.0,1.0,0.0
rank_N1000_p2000_s3_identity_law5,unknown_s,interior,rank,IDENTITY_REFERENCE,1000,2000,3,6,6,identity,5,upper_bound_K_known,40,1000,1000,0,0,0,0,0,1000,0,1000,1.0,0.0,1000,1.0,0.0,1000,1000,1000,1.0,0.0,1000,0,1000,0,951,0.951,0.006826346,951,0,0.951,0.006826346,1000,951,0.3161053908,0.0005778247,1000,0,0,0.0,0.0,0,0,0,1000,1000,0.0,0.0,0,0,0,0.0,0,0.0,0.0,0.0,0.0,0.0,0.0,0.0,0.0,0.0,0.0,1.0,0.0
rank_N1000_p2000_s3_identity_law6,known_s,interior,rank,IDENTITY_REFERENCE,1000,2000,3,6,6,identity,6,exact_s_known,41,1000,1000,0,0,0,0,0,1000,0,1000,1.0,0.0,1000,1.0,0.0,1000,1000,1000,1.0,0.0,1000,0,1000,0,946,0.946,0.0071473072,946,0,0.946,0.0071473072,1000,946,0.1816648852,0.0002793369,1000,0,0,0.0,0.0,0,0,0,1000,1000,0.0,0.0,0,0,0,0.0,0,0.0,0.0,0.0,0.0,0.0,0.0,0.0,0.0,0.0,0.0,1.0,0.0
rank_N1000_p2000_s3_identity_law6,unknown_s,interior,rank,IDENTITY_REFERENCE,1000,2000,3,6,6,identity,6,upper_bound_K_known,41,1000,1000,0,0,0,0,0,1000,0,1000,1.0,0.0,1000,1.0,0.0,1000,1000,1000,1.0,0.0,1000,0,1000,0,946,0.946,0.0071473072,946,0,0.946,0.0071473072,1000,946,0.1816648852,0.0002793369,1000,0,0,0.0,0.0,0,0,0,1000,1000,0.0,0.0,0,0,0,0.0,0,0.0,0.0,0.0,0.0,0.0,0.0,0.0,0.0,0.0,0.0,1.0,0.0
rank_N1000_p2000_s3_toeplitz_law1,known_s,interior,rank,CORRELATED_STRESS,1000,2000,3,6,6,toeplitz,1,exact_s_known,42,1000,1000,0,0,0,0,0,1000,0,1000,1.0,0.0,1000,1.0,0.0,1000,1000,1000,1.0,0.0,1000,0,1000,0,944,0.944,0.0072707634,944,0,0.944,0.0072707634,1000,944,0.1578532153,0.0002041606,1000,0,0,0.0,0.0,0,0,0,1000,1000,0.0,0.0,0,0,0,0.0,0,0.0,0.0,0.0,0.0,0.0,0.0,0.0,0.0,0.0,0.0,1.0,0.0
rank_N1000_p2000_s3_toeplitz_law1,unknown_s,interior,rank,CORRELATED_STRESS,1000,2000,3,6,6,toeplitz,1,upper_bound_K_known,42,1000,1000,0,0,0,0,0,1000,0,1000,1.0,0.0,1000,1.0,0.0,1000,1000,1000,1.0,0.0,1000,0,1000,0,944,0.944,0.0072707634,944,0,0.944,0.0072707634,1000,944,0.1578532153,0.0002041606,1000,0,0,0.0,0.0,0,0,0,1000,1000,0.0,0.0,0,0,0,0.0,0,0.0,0.0,0.0,0.0,0.0,0.0,0.0,0.0,0.0,0.0,1.0,0.0
rank_N1000_p2000_s3_toeplitz_law2,known_s,interior,rank,CORRELATED_STRESS,1000,2000,3,6,6,toeplitz,2,exact_s_known,43,1000,1000,0,0,0,0,0,1000,0,1000,1.0,0.0,1000,1.0,0.0,1000,1000,1000,1.0,0.0,1000,0,1000,0,959,0.959,0.0062704864,959,0,0.959,0.0062704864,1000,959,0.1364980803,0.0002060266,1000,0,0,0.0,0.0,0,0,0,1000,1000,0.0,0.0,0,0,0,0.0,0,0.0,0.0,0.0,0.0,0.0,0.0,0.0,0.0,0.0,0.0,1.0,0.0
rank_N1000_p2000_s3_toeplitz_law2,unknown_s,interior,rank,CORRELATED_STRESS,1000,2000,3,6,6,toeplitz,2,upper_bound_K_known,43,1000,1000,0,0,0,0,0,1000,0,1000,1.0,0.0,1000,1.0,0.0,1000,1000,999,0.999,0.0009994999,999,0,999,0,958,0.958,0.0063431853,958,0,0.958958959,0.0062766289,999,959,0.1364994247,0.00020605,1000,0,0,0.0,0.0,0,0,0,1000,1000,0.0,0.0,0,1,1,0.001,0,0.0,0.0,0.0,0.0,0.0,0.0,0.001,0.0009994999,0.0,0.0,1.0,0.0
rank_N1000_p2000_s3_toeplitz_law3,known_s,interior,rank,CORRELATED_STRESS,1000,2000,3,6,6,toeplitz,3,exact_s_known,44,1000,1000,0,0,0,0,0,1000,0,1000,1.0,0.0,1000,1.0,0.0,1000,1000,1000,1.0,0.0,1000,0,1000,0,959,0.959,0.0062704864,959,0,0.959,0.0062704864,1000,959,0.1485445435,0.0001908756,1000,0,0,0.0,0.0,0,0,0,1000,1000,0.0,0.0,0,0,0,0.0,0,0.0,0.0,0.0,0.0,0.0,0.0,0.0,0.0,0.0,0.0,1.0,0.0
rank_N1000_p2000_s3_toeplitz_law3,unknown_s,interior,rank,CORRELATED_STRESS,1000,2000,3,6,6,toeplitz,3,upper_bound_K_known,44,1000,1000,0,0,0,0,0,1000,0,1000,1.0,0.0,1000,1.0,0.0,1000,1000,999,0.999,0.0009994999,999,0,999,0,958,0.958,0.0063431853,958,0,0.958958959,0.0062766289,999,959,0.1485520787,0.0001908434,1000,0,0,0.0,0.0,0,0,0,1000,1000,0.0,0.0,0,1,1,0.001,0,0.0,0.0,0.0,0.0,0.0,0.0,0.001,0.0009994999,0.0,0.0,1.0,0.0
rank_N1000_p2000_s3_toeplitz_law4,known_s,interior,rank,CORRELATED_STRESS,1000,2000,3,6,6,toeplitz,4,exact_s_known,45,1000,1000,0,0,0,0,0,1000,0,1000,1.0,0.0,1000,1.0,0.0,1000,1000,1000,1.0,0.0,1000,0,1000,0,958,0.958,0.0063431853,958,0,0.958,0.0063431853,1000,958,0.2031043849,0.0003120738,1000,0,0,0.0,0.0,0,0,0,1000,1000,0.0,0.0,0,0,0,0.0,0,0.0,0.0,0.0,0.0,0.0,0.0,0.0,0.0,0.0,0.0,1.0,0.0
rank_N1000_p2000_s3_toeplitz_law4,unknown_s,interior,rank,CORRELATED_STRESS,1000,2000,3,6,6,toeplitz,4,upper_bound_K_known,45,1000,1000,0,0,0,0,0,1000,0,1000,1.0,0.0,1000,1.0,0.0,1000,1000,1000,1.0,0.0,1000,0,1000,0,958,0.958,0.0063431853,958,0,0.958,0.0063431853,1000,958,0.2031043849,0.0003120738,1000,0,0,0.0,0.0,0,0,0,1000,1000,0.0,0.0,0,0,0,0.0,0,0.0,0.0,0.0,0.0,0.0,0.0,0.0,0.0,0.0,0.0,1.0,0.0
rank_N1000_p2000_s3_toeplitz_law5,known_s,interior,rank,CORRELATED_STRESS,1000,2000,3,6,6,toeplitz,5,exact_s_known,46,1000,1000,0,0,0,0,0,1000,0,1000,1.0,0.0,1000,1.0,0.0,1000,1000,1000,1.0,0.0,1000,0,1000,0,959,0.959,0.0062704864,959,0,0.959,0.0062704864,1000,959,0.3158038756,0.0005896808,1000,0,0,0.0,0.0,0,0,0,1000,1000,0.0,0.0,0,0,0,0.0,0,0.0,0.0,0.0,0.0,0.0,0.0,0.0,0.0,0.0,0.0,1.0,0.0
rank_N1000_p2000_s3_toeplitz_law5,unknown_s,interior,rank,CORRELATED_STRESS,1000,2000,3,6,6,toeplitz,5,upper_bound_K_known,46,1000,1000,0,0,0,0,0,1000,0,1000,1.0,0.0,1000,1.0,0.0,1000,1000,1000,1.0,0.0,1000,0,1000,0,959,0.959,0.0062704864,959,0,0.959,0.0062704864,1000,959,0.3158038756,0.0005896808,1000,0,0,0.0,0.0,0,0,0,1000,1000,0.0,0.0,0,0,0,0.0,0,0.0,0.0,0.0,0.0,0.0,0.0,0.0,0.0,0.0,0.0,1.0,0.0
rank_N1000_p2000_s3_toeplitz_law6,known_s,interior,rank,CORRELATED_STRESS,1000,2000,3,6,6,toeplitz,6,exact_s_known,47,1000,1000,0,0,0,0,0,1000,0,1000,1.0,0.0,1000,1.0,0.0,1000,1000,1000,1.0,0.0,1000,0,1000,0,949,0.949,0.006956939,949,0,0.949,0.006956939,1000,949,0.1820423604,0.0002702759,1000,0,0,0.0,0.0,0,0,0,1000,1000,0.0,0.0,0,0,0,0.0,0,0.0,0.0,0.0,0.0,0.0,0.0,0.0,0.0,0.0,0.0,1.0,0.0
rank_N1000_p2000_s3_toeplitz_law6,unknown_s,interior,rank,CORRELATED_STRESS,1000,2000,3,6,6,toeplitz,6,upper_bound_K_known,47,1000,1000,0,0,0,0,0,1000,0,1000,1.0,0.0,1000,1.0,0.0,1000,1000,1000,1.0,0.0,1000,0,1000,0,949,0.949,0.006956939,949,0,0.949,0.006956939,1000,949,0.1820423604,0.0002702759,1000,0,0,0.0,0.0,0,0,0,1000,1000,0.0,0.0,0,0,0,0.0,0,0.0,0.0,0.0,0.0,0.0,0.0,0.0,0.0,0.0,0.0,1.0,0.0
rank_N1000_p2000_s3_tridiag_law1,known_s,interior,rank,CORRELATED_STRESS,1000,2000,3,6,6,tridiag,1,exact_s_known,48,1000,1000,0,0,0,0,0,1000,0,1000,1.0,0.0,1000,1.0,0.0,1000,1000,1000,1.0,0.0,1000,0,1000,0,971,0.971,0.0053065054,971,0,0.971,0.0053065054,1000,971,0.1576887042,0.0002072657,1000,0,0,0.0,0.0,0,0,0,1000,1000,0.0,0.0,0,0,0,0.0,0,0.0,0.0,0.0,0.0,0.0,0.0,0.0,0.0,0.0,0.0,1.0,0.0
rank_N1000_p2000_s3_tridiag_law1,unknown_s,interior,rank,CORRELATED_STRESS,1000,2000,3,6,6,tridiag,1,upper_bound_K_known,48,1000,1000,0,0,0,0,0,1000,0,1000,1.0,0.0,1000,1.0,0.0,1000,1000,999,0.999,0.0009994999,999,0,999,0,970,0.97,0.0053944416,970,0,0.970970971,0.0053117379,999,971,0.1576953394,0.0002075589,1000,0,0,0.0,0.0,0,0,0,1000,1000,0.0,0.0,0,1,1,0.001,0,0.0,0.0,0.0,0.0,0.0,0.0,0.001,0.0009994999,0.0,0.0,1.0,0.0
rank_N1000_p2000_s3_tridiag_law2,known_s,interior,rank,CORRELATED_STRESS,1000,2000,3,6,6,tridiag,2,exact_s_known,49,1000,1000,0,0,0,0,0,1000,0,1000,1.0,0.0,1000,1.0,0.0,1000,1000,1000,1.0,0.0,1000,0,1000,0,956,0.956,0.0064856765,956,0,0.956,0.0064856765,1000,956,0.1367342389,0.0001901745,1000,0,0,0.0,0.0,0,0,0,1000,1000,0.0,0.0,0,0,0,0.0,0,0.0,0.0,0.0,0.0,0.0,0.0,0.0,0.0,0.0,0.0,1.0,0.0
rank_N1000_p2000_s3_tridiag_law2,unknown_s,interior,rank,CORRELATED_STRESS,1000,2000,3,6,6,tridiag,2,upper_bound_K_known,49,1000,1000,0,0,0,0,0,1000,0,1000,1.0,0.0,1000,1.0,0.0,1000,1000,1000,1.0,0.0,1000,0,1000,0,956,0.956,0.0064856765,956,0,0.956,0.0064856765,1000,956,0.1367342389,0.0001901745,1000,0,0,0.0,0.0,0,0,0,1000,1000,0.0,0.0,0,0,0,0.0,0,0.0,0.0,0.0,0.0,0.0,0.0,0.0,0.0,0.0,0.0,1.0,0.0
rank_N1000_p2000_s3_tridiag_law3,known_s,interior,rank,CORRELATED_STRESS,1000,2000,3,6,6,tridiag,3,exact_s_known,50,1000,1000,0,0,0,0,0,1000,0,1000,1.0,0.0,1000,1.0,0.0,1000,1000,1000,1.0,0.0,1000,0,1000,0,946,0.946,0.0071473072,946,0,0.946,0.0071473072,1000,946,0.1484774809,0.0002012918,1000,0,0,0.0,0.0,0,0,0,1000,1000,0.0,0.0,0,0,0,0.0,0,0.0,0.0,0.0,0.0,0.0,0.0,0.0,0.0,0.0,0.0,1.0,0.0
rank_N1000_p2000_s3_tridiag_law3,unknown_s,interior,rank,CORRELATED_STRESS,1000,2000,3,6,6,tridiag,3,upper_bound_K_known,50,1000,1000,0,0,0,0,0,1000,0,1000,1.0,0.0,1000,1.0,0.0,1000,1000,1000,1.0,0.0,1000,0,1000,0,946,0.946,0.0071473072,946,0,0.946,0.0071473072,1000,946,0.1484774809,0.0002012918,1000,0,0,0.0,0.0,0,0,0,1000,1000,0.0,0.0,0,0,0,0.0,0,0.0,0.0,0.0,0.0,0.0,0.0,0.0,0.0,0.0,0.0,1.0,0.0
rank_N1000_p2000_s3_tridiag_law4,known_s,interior,rank,CORRELATED_STRESS,1000,2000,3,6,6,tridiag,4,exact_s_known,51,1000,1000,0,0,0,0,0,1000,0,1000,1.0,0.0,1000,1.0,0.0,1000,1000,1000,1.0,0.0,1000,0,1000,0,971,0.971,0.0053065054,971,0,0.971,0.0053065054,1000,971,0.2033644455,0.000290158,1000,0,0,0.0,0.0,0,0,0,1000,1000,0.0,0.0,0,0,0,0.0,0,0.0,0.0,0.0,0.0,0.0,0.0,0.0,0.0,0.0,0.0,1.0,0.0
rank_N1000_p2000_s3_tridiag_law4,unknown_s,interior,rank,CORRELATED_STRESS,1000,2000,3,6,6,tridiag,4,upper_bound_K_known,51,1000,1000,0,0,0,0,0,1000,0,1000,1.0,0.0,1000,1.0,0.0,1000,1000,1000,1.0,0.0,1000,0,1000,0,971,0.971,0.0053065054,971,0,0.971,0.0053065054,1000,971,0.2033644455,0.000290158,1000,0,0,0.0,0.0,0,0,0,1000,1000,0.0,0.0,0,0,0,0.0,0,0.0,0.0,0.0,0.0,0.0,0.0,0.0,0.0,0.0,0.0,1.0,0.0
rank_N1000_p2000_s3_tridiag_law5,known_s,interior,rank,CORRELATED_STRESS,1000,2000,3,6,6,tridiag,5,exact_s_known,52,1000,1000,0,0,0,0,0,1000,0,1000,1.0,0.0,1000,1.0,0.0,1000,1000,1000,1.0,0.0,1000,0,1000,0,960,0.96,0.0061967734,960,0,0.96,0.0061967734,1000,960,0.3147891387,0.0005597911,1000,0,0,0.0,0.0,0,0,0,1000,1000,0.0,0.0,0,0,0,0.0,0,0.0,0.0,0.0,0.0,0.0,0.0,0.0,0.0,0.0,0.0,1.0,0.0
rank_N1000_p2000_s3_tridiag_law5,unknown_s,interior,rank,CORRELATED_STRESS,1000,2000,3,6,6,tridiag,5,upper_bound_K_known,52,1000,1000,0,0,0,0,0,1000,0,1000,1.0,0.0,1000,1.0,0.0,1000,1000,1000,1.0,0.0,1000,0,1000,0,960,0.96,0.0061967734,960,0,0.96,0.0061967734,1000,960,0.3147891387,0.0005597911,1000,0,0,0.0,0.0,0,0,0,1000,1000,0.0,0.0,0,0,0,0.0,0,0.0,0.0,0.0,0.0,0.0,0.0,0.0,0.0,0.0,0.0,1.0,0.0
rank_N1000_p2000_s3_tridiag_law6,known_s,interior,rank,CORRELATED_STRESS,1000,2000,3,6,6,tridiag,6,exact_s_known,53,1000,1000,0,0,0,0,0,1000,0,1000,1.0,0.0,1000,1.0,0.0,1000,1000,1000,1.0,0.0,1000,0,1000,0,967,0.967,0.0056489822,967,0,0.967,0.0056489822,1000,967,0.1821522179,0.0002754617,1000,0,0,0.0,0.0,0,0,0,1000,1000,0.0,0.0,0,0,0,0.0,0,0.0,0.0,0.0,0.0,0.0,0.0,0.0,0.0,0.0,0.0,1.0,0.0
rank_N1000_p2000_s3_tridiag_law6,unknown_s,interior,rank,CORRELATED_STRESS,1000,2000,3,6,6,tridiag,6,upper_bound_K_known,53,1000,1000,0,0,0,0,0,1000,0,1000,1.0,0.0,1000,1.0,0.0,1000,1000,1000,1.0,0.0,1000,0,1000,0,967,0.967,0.0056489822,967,0,0.967,0.0056489822,1000,967,0.1821522179,0.0002754617,1000,0,0,0.0,0.0,0,0,0,1000,1000,0.0,0.0,0,0,0,0.0,0,0.0,0.0,0.0,0.0,0.0,0.0,0.0,0.0,0.0,0.0,1.0,0.0
rank_N2000_p5000_s20_identity_law1,known_s,interior,rank,IDENTITY_REFERENCE,2000,5000,20,40,40,identity,1,exact_s_known,90,1000,1000,0,0,0,0,0,1000,0,1000,1.0,0.0,1000,1.0,0.0,1000,1000,1000,1.0,0.0,1000,0,1000,0,957,0.957,0.0064149045,957,0,0.957,0.0064149045,1000,957,0.1408394787,9.75789e-05,1000,0,0,0.0,0.0,0,0,0,1000,1000,0.0,0.0,0,0,0,0.0,0,0.0,0.0,0.0,0.0,0.0,0.0,0.0,0.0,0.0,0.0,1.0,0.0
rank_N2000_p5000_s20_identity_law1,unknown_s,interior,rank,IDENTITY_REFERENCE,2000,5000,20,40,40,identity,1,upper_bound_K_known,90,1000,1000,0,0,0,0,0,1000,0,1000,1.0,0.0,1000,1.0,0.0,1000,1000,1000,1.0,0.0,1000,0,1000,0,957,0.957,0.0064149045,957,0,0.957,0.0064149045,1000,957,0.1408394787,9.75789e-05,1000,0,0,0.0,0.0,0,0,0,1000,1000,0.0,0.0,0,0,0,0.0,0,0.0,0.0,0.0,0.0,0.0,0.0,0.0,0.0,0.0,0.0,1.0,0.0
rank_N2000_p5000_s20_identity_law2,known_s,interior,rank,IDENTITY_REFERENCE,2000,5000,20,40,40,identity,2,exact_s_known,91,1000,1000,0,0,0,0,0,1000,0,1000,1.0,0.0,1000,1.0,0.0,1000,1000,1000,1.0,0.0,1000,0,1000,0,955,0.955,0.006555532,955,0,0.955,0.006555532,1000,955,0.1222383483,9.79483e-05,1000,0,0,0.0,0.0,0,0,0,1000,1000,0.0,0.0,0,0,0,0.0,0,0.0,0.0,0.0,0.0,0.0,0.0,0.0,0.0,0.0,0.0,1.0,0.0
rank_N2000_p5000_s20_identity_law2,unknown_s,interior,rank,IDENTITY_REFERENCE,2000,5000,20,40,40,identity,2,upper_bound_K_known,91,1000,1000,0,0,0,0,0,1000,0,1000,1.0,0.0,1000,1.0,0.0,1000,1000,1000,1.0,0.0,1000,0,1000,0,955,0.955,0.006555532,955,0,0.955,0.006555532,1000,955,0.1222383483,9.79483e-05,1000,0,0,0.0,0.0,0,0,0,1000,1000,0.0,0.0,0,0,0,0.0,0,0.0,0.0,0.0,0.0,0.0,0.0,0.0,0.0,0.0,0.0,1.0,0.0
rank_N2000_p5000_s20_identity_law3,known_s,interior,rank,IDENTITY_REFERENCE,2000,5000,20,40,40,identity,3,exact_s_known,92,1000,1000,0,0,0,0,0,1000,0,1000,1.0,0.0,1000,1.0,0.0,1000,1000,1000,1.0,0.0,1000,0,1000,0,963,0.963,0.0059691708,963,0,0.963,0.0059691708,1000,963,0.1323227066,9.40696e-05,1000,0,0,0.0,0.0,0,0,0,1000,1000,0.0,0.0,0,0,0,0.0,0,0.0,0.0,0.0,0.0,0.0,0.0,0.0,0.0,0.0,0.0,1.0,0.0
rank_N2000_p5000_s20_identity_law3,unknown_s,interior,rank,IDENTITY_REFERENCE,2000,5000,20,40,40,identity,3,upper_bound_K_known,92,1000,1000,0,0,0,0,0,1000,0,1000,1.0,0.0,1000,1.0,0.0,1000,1000,1000,1.0,0.0,1000,0,1000,0,963,0.963,0.0059691708,963,0,0.963,0.0059691708,1000,963,0.1323227066,9.40696e-05,1000,0,0,0.0,0.0,0,0,0,1000,1000,0.0,0.0,0,0,0,0.0,0,0.0,0.0,0.0,0.0,0.0,0.0,0.0,0.0,0.0,0.0,1.0,0.0
rank_N2000_p5000_s20_identity_law4,known_s,interior,rank,IDENTITY_REFERENCE,2000,5000,20,40,40,identity,4,exact_s_known,93,1000,1000,0,0,0,0,0,1000,0,1000,1.0,0.0,1000,1.0,0.0,1000,1000,1000,1.0,0.0,1000,0,1000,0,945,0.945,0.0072093689,945,0,0.945,0.0072093689,1000,945,0.1817223349,0.0001547979,1000,0,0,0.0,0.0,0,0,0,1000,1000,0.0,0.0,0,0,0,0.0,0,0.0,0.0,0.0,0.0,0.0,0.0,0.0,0.0,0.0,0.0,1.0,0.0
rank_N2000_p5000_s20_identity_law4,unknown_s,interior,rank,IDENTITY_REFERENCE,2000,5000,20,40,40,identity,4,upper_bound_K_known,93,1000,1000,0,0,0,0,0,1000,0,1000,1.0,0.0,1000,1.0,0.0,1000,1000,1000,1.0,0.0,1000,0,1000,0,945,0.945,0.0072093689,945,0,0.945,0.0072093689,1000,945,0.1817223349,0.0001547979,1000,0,0,0.0,0.0,0,0,0,1000,1000,0.0,0.0,0,0,0,0.0,0,0.0,0.0,0.0,0.0,0.0,0.0,0.0,0.0,0.0,0.0,1.0,0.0
rank_N2000_p5000_s20_identity_law5,known_s,interior,rank,IDENTITY_REFERENCE,2000,5000,20,40,40,identity,5,exact_s_known,94,1000,1000,0,0,0,0,0,1000,0,1000,1.0,0.0,1000,1.0,0.0,1000,1000,1000,1.0,0.0,1000,0,1000,0,969,0.969,0.0054807846,969,0,0.969,0.0054807846,1000,969,0.283796199,0.0003068159,1000,0,0,0.0,0.0,0,0,0,1000,1000,0.0,0.0,0,0,0,0.0,0,0.0,0.0,0.0,0.0,0.0,0.0,0.0,0.0,0.0,0.0,1.0,0.0
rank_N2000_p5000_s20_identity_law5,unknown_s,interior,rank,IDENTITY_REFERENCE,2000,5000,20,40,40,identity,5,upper_bound_K_known,94,1000,1000,0,0,0,0,0,1000,0,1000,1.0,0.0,1000,1.0,0.0,1000,1000,1000,1.0,0.0,1000,0,1000,0,969,0.969,0.0054807846,969,0,0.969,0.0054807846,1000,969,0.283796199,0.0003068159,1000,0,0,0.0,0.0,0,0,0,1000,1000,0.0,0.0,0,0,0,0.0,0,0.0,0.0,0.0,0.0,0.0,0.0,0.0,0.0,0.0,0.0,1.0,0.0
rank_N2000_p5000_s20_identity_law6,known_s,interior,rank,IDENTITY_REFERENCE,2000,5000,20,40,40,identity,6,exact_s_known,95,1000,1000,0,0,0,0,0,1000,0,1000,1.0,0.0,1000,1.0,0.0,1000,1000,1000,1.0,0.0,1000,0,1000,0,967,0.967,0.0056489822,967,0,0.967,0.0056489822,1000,967,0.162330425,0.0001310918,1000,0,0,0.0,0.0,0,0,0,1000,1000,0.0,0.0,0,0,0,0.0,0,0.0,0.0,0.0,0.0,0.0,0.0,0.0,0.0,0.0,0.0,1.0,0.0
rank_N2000_p5000_s20_identity_law6,unknown_s,interior,rank,IDENTITY_REFERENCE,2000,5000,20,40,40,identity,6,upper_bound_K_known,95,1000,1000,0,0,0,0,0,1000,0,1000,1.0,0.0,1000,1.0,0.0,1000,1000,1000,1.0,0.0,1000,0,1000,0,967,0.967,0.0056489822,967,0,0.967,0.0056489822,1000,967,0.162330425,0.0001310918,1000,0,0,0.0,0.0,0,0,0,1000,1000,0.0,0.0,0,0,0,0.0,0,0.0,0.0,0.0,0.0,0.0,0.0,0.0,0.0,0.0,0.0,1.0,0.0
rank_N2000_p5000_s20_toeplitz_law1,known_s,interior,rank,CORRELATED_STRESS,2000,5000,20,40,40,toeplitz,1,exact_s_known,96,1000,1000,0,0,0,0,0,1000,0,1000,1.0,0.0,1000,1.0,0.0,1000,1000,1000,1.0,0.0,1000,0,1000,0,960,0.96,0.0061967734,960,0,0.96,0.0061967734,1000,960,0.1411540376,9.55939e-05,1000,0,0,0.0,0.0,0,0,0,1000,1000,0.0,0.0,0,0,0,0.0,0,0.0,0.0,0.0,0.0,0.0,0.0,0.0,0.0,0.0,0.0,1.0,0.0
rank_N2000_p5000_s20_toeplitz_law1,unknown_s,interior,rank,CORRELATED_STRESS,2000,5000,20,40,40,toeplitz,1,upper_bound_K_known,96,1000,1000,0,0,0,0,0,1000,0,1000,1.0,0.0,1000,1.0,0.0,1000,1000,1000,1.0,0.0,1000,0,1000,0,960,0.96,0.0061967734,960,0,0.96,0.0061967734,1000,960,0.1411540376,9.55939e-05,1000,0,0,0.0,0.0,0,0,0,1000,1000,0.0,0.0,0,0,0,0.0,0,0.0,0.0,0.0,0.0,0.0,0.0,0.0,0.0,0.0,0.0,1.0,0.0
rank_N2000_p5000_s20_toeplitz_law2,known_s,interior,rank,CORRELATED_STRESS,2000,5000,20,40,40,toeplitz,2,exact_s_known,97,1000,1000,0,0,0,0,0,1000,0,1000,1.0,0.0,1000,1.0,0.0,1000,1000,1000,1.0,0.0,1000,0,1000,0,968,0.968,0.0055656087,968,0,0.968,0.0055656087,1000,968,0.1221645392,9.85856e-05,1000,0,0,0.0,0.0,0,0,0,1000,1000,0.0,0.0,0,0,0,0.0,0,0.0,0.0,0.0,0.0,0.0,0.0,0.0,0.0,0.0,0.0,1.0,0.0
rank_N2000_p5000_s20_toeplitz_law2,unknown_s,interior,rank,CORRELATED_STRESS,2000,5000,20,40,40,toeplitz,2,upper_bound_K_known,97,1000,1000,0,0,0,0,0,1000,0,1000,1.0,0.0,1000,1.0,0.0,1000,1000,1000,1.0,0.0,1000,0,1000,0,968,0.968,0.0055656087,968,0,0.968,0.0055656087,1000,968,0.1221645392,9.85856e-05,1000,0,0,0.0,0.0,0,0,0,1000,1000,0.0,0.0,0,0,0,0.0,0,0.0,0.0,0.0,0.0,0.0,0.0,0.0,0.0,0.0,0.0,1.0,0.0
rank_N2000_p5000_s20_toeplitz_law3,known_s,interior,rank,CORRELATED_STRESS,2000,5000,20,40,40,toeplitz,3,exact_s_known,98,1000,1000,0,0,0,0,0,1000,0,1000,1.0,0.0,1000,1.0,0.0,1000,1000,1000,1.0,0.0,1000,0,1000,0,946,0.946,0.0071473072,946,0,0.946,0.0071473072,1000,946,0.1324486526,9.42911e-05,1000,0,0,0.0,0.0,0,0,0,1000,1000,0.0,0.0,0,0,0,0.0,0,0.0,0.0,0.0,0.0,0.0,0.0,0.0,0.0,0.0,0.0,1.0,0.0
rank_N2000_p5000_s20_toeplitz_law3,unknown_s,interior,rank,CORRELATED_STRESS,2000,5000,20,40,40,toeplitz,3,upper_bound_K_known,98,1000,1000,0,0,0,0,0,1000,0,1000,1.0,0.0,1000,1.0,0.0,1000,1000,1000,1.0,0.0,1000,0,1000,0,946,0.946,0.0071473072,946,0,0.946,0.0071473072,1000,946,0.1324486526,9.42911e-05,1000,0,0,0.0,0.0,0,0,0,1000,1000,0.0,0.0,0,0,0,0.0,0,0.0,0.0,0.0,0.0,0.0,0.0,0.0,0.0,0.0,0.0,1.0,0.0
rank_N2000_p5000_s20_toeplitz_law4,known_s,interior,rank,CORRELATED_STRESS,2000,5000,20,40,40,toeplitz,4,exact_s_known,99,1000,1000,0,0,0,0,0,1000,0,1000,1.0,0.0,1000,1.0,0.0,1000,1000,1000,1.0,0.0,1000,0,1000,0,965,0.965,0.0058116263,965,0,0.965,0.0058116263,1000,965,0.1818537558,0.0001555187,1000,0,0,0.0,0.0,0,0,0,1000,1000,0.0,0.0,0,0,0,0.0,0,0.0,0.0,0.0,0.0,0.0,0.0,0.0,0.0,0.0,0.0,1.0,0.0
rank_N2000_p5000_s20_toeplitz_law4,unknown_s,interior,rank,CORRELATED_STRESS,2000,5000,20,40,40,toeplitz,4,upper_bound_K_known,99,1000,1000,0,0,0,0,0,1000,0,1000,1.0,0.0,1000,1.0,0.0,1000,1000,1000,1.0,0.0,1000,0,1000,0,965,0.965,0.0058116263,965,0,0.965,0.0058116263,1000,965,0.1818537558,0.0001555187,1000,0,0,0.0,0.0,0,0,0,1000,1000,0.0,0.0,0,0,0,0.0,0,0.0,0.0,0.0,0.0,0.0,0.0,0.0,0.0,0.0,0.0,1.0,0.0
rank_N2000_p5000_s20_toeplitz_law5,known_s,interior,rank,CORRELATED_STRESS,2000,5000,20,40,40,toeplitz,5,exact_s_known,100,1000,1000,0,0,0,0,0,1000,0,1000,1.0,0.0,1000,1.0,0.0,1000,1000,1000,1.0,0.0,1000,0,1000,0,966,0.966,0.0057309685,966,0,0.966,0.0057309685,1000,966,0.2840020635,0.0003168417,1000,0,0,0.0,0.0,0,0,0,1000,1000,0.0,0.0,0,0,0,0.0,0,0.0,0.0,0.0,0.0,0.0,0.0,0.0,0.0,0.0,0.0,1.0,0.0
rank_N2000_p5000_s20_toeplitz_law5,unknown_s,interior,rank,CORRELATED_STRESS,2000,5000,20,40,40,toeplitz,5,upper_bound_K_known,100,1000,1000,0,0,0,0,0,1000,0,1000,1.0,0.0,1000,1.0,0.0,1000,1000,1000,1.0,0.0,1000,0,1000,0,966,0.966,0.0057309685,966,0,0.966,0.0057309685,1000,966,0.2840020635,0.0003168417,1000,0,0,0.0,0.0,0,0,0,1000,1000,0.0,0.0,0,0,0,0.0,0,0.0,0.0,0.0,0.0,0.0,0.0,0.0,0.0,0.0,0.0,1.0,0.0
rank_N2000_p5000_s20_toeplitz_law6,known_s,interior,rank,CORRELATED_STRESS,2000,5000,20,40,40,toeplitz,6,exact_s_known,101,1000,1000,0,0,0,0,0,1000,0,1000,1.0,0.0,1000,1.0,0.0,1000,1000,1000,1.0,0.0,1000,0,1000,0,954,0.954,0.0066245,954,0,0.954,0.0066245,1000,954,0.1629105125,0.0001386067,1000,0,0,0.0,0.0,0,0,0,1000,1000,0.0,0.0,0,0,0,0.0,0,0.0,0.0,0.0,0.0,0.0,0.0,0.0,0.0,0.0,0.0,1.0,0.0
rank_N2000_p5000_s20_toeplitz_law6,unknown_s,interior,rank,CORRELATED_STRESS,2000,5000,20,40,40,toeplitz,6,upper_bound_K_known,101,1000,1000,0,0,0,0,0,1000,0,1000,1.0,0.0,1000,1.0,0.0,1000,1000,999,0.999,0.0009994999,999,0,999,0,953,0.953,0.0066926079,953,0,0.953953954,0.0066309711,999,954,0.1629087584,0.0001387045,1000,0,0,0.0,0.0,0,0,0,1000,1000,0.0,0.0,0,1,1,0.001,0,0.0,0.0,0.0,0.0,0.0,0.0,0.001,0.0009994999,0.0,0.0,1.0,0.0
rank_N2000_p5000_s20_tridiag_law1,known_s,interior,rank,CORRELATED_STRESS,2000,5000,20,40,40,tridiag,1,exact_s_known,102,1000,1000,0,0,0,0,0,1000,0,1000,1.0,0.0,1000,1.0,0.0,1000,1000,1000,1.0,0.0,1000,0,1000,0,966,0.966,0.0057309685,966,0,0.966,0.0057309685,1000,966,0.1407968339,9.71142e-05,1000,0,0,0.0,0.0,0,0,0,1000,1000,0.0,0.0,0,0,0,0.0,0,0.0,0.0,0.0,0.0,0.0,0.0,0.0,0.0,0.0,0.0,1.0,0.0
rank_N2000_p5000_s20_tridiag_law1,unknown_s,interior,rank,CORRELATED_STRESS,2000,5000,20,40,40,tridiag,1,upper_bound_K_known,102,1000,1000,0,0,0,0,0,1000,0,1000,1.0,0.0,1000,1.0,0.0,1000,1000,1000,1.0,0.0,1000,0,1000,0,966,0.966,0.0057309685,966,0,0.966,0.0057309685,1000,966,0.1407968339,9.71142e-05,1000,0,0,0.0,0.0,0,0,0,1000,1000,0.0,0.0,0,0,0,0.0,0,0.0,0.0,0.0,0.0,0.0,0.0,0.0,0.0,0.0,0.0,1.0,0.0
rank_N2000_p5000_s20_tridiag_law2,known_s,interior,rank,CORRELATED_STRESS,2000,5000,20,40,40,tridiag,2,exact_s_known,103,1000,1000,0,0,0,0,0,1000,0,1000,1.0,0.0,1000,1.0,0.0,1000,1000,1000,1.0,0.0,1000,0,1000,0,965,0.965,0.0058116263,965,0,0.965,0.0058116263,1000,965,0.1222426921,9.67688e-05,1000,0,0,0.0,0.0,0,0,0,1000,1000,0.0,0.0,0,0,0,0.0,0,0.0,0.0,0.0,0.0,0.0,0.0,0.0,0.0,0.0,0.0,1.0,0.0
rank_N2000_p5000_s20_tridiag_law2,unknown_s,interior,rank,CORRELATED_STRESS,2000,5000,20,40,40,tridiag,2,upper_bound_K_known,103,1000,1000,0,0,0,0,0,1000,0,1000,1.0,0.0,1000,1.0,0.0,1000,1000,999,0.999,0.0009994999,999,0,999,0,964,0.964,0.0058910101,964,0,0.964964965,0.0058173381,999,965,0.1222419522,9.6774e-05,1000,0,0,0.0,0.0,0,0,0,1000,1000,0.0,0.0,0,1,1,0.001,0,0.0,0.0,0.0,0.0,0.0,0.0,0.001,0.0009994999,0.0,0.0,1.0,0.0
rank_N2000_p5000_s20_tridiag_law3,known_s,interior,rank,CORRELATED_STRESS,2000,5000,20,40,40,tridiag,3,exact_s_known,104,1000,1000,0,0,0,0,0,1000,0,1000,1.0,0.0,1000,1.0,0.0,1000,1000,1000,1.0,0.0,1000,0,1000,0,963,0.963,0.0059691708,963,0,0.963,0.0059691708,1000,963,0.1322494418,9.52236e-05,1000,0,0,0.0,0.0,0,0,0,1000,1000,0.0,0.0,0,0,0,0.0,0,0.0,0.0,0.0,0.0,0.0,0.0,0.0,0.0,0.0,0.0,1.0,0.0
rank_N2000_p5000_s20_tridiag_law3,unknown_s,interior,rank,CORRELATED_STRESS,2000,5000,20,40,40,tridiag,3,upper_bound_K_known,104,1000,1000,0,0,0,0,0,1000,0,1000,1.0,0.0,1000,1.0,0.0,1000,1000,1000,1.0,0.0,1000,0,1000,0,963,0.963,0.0059691708,963,0,0.963,0.0059691708,1000,963,0.1322494418,9.52236e-05,1000,0,0,0.0,0.0,0,0,0,1000,1000,0.0,0.0,0,0,0,0.0,0,0.0,0.0,0.0,0.0,0.0,0.0,0.0,0.0,0.0,0.0,1.0,0.0
rank_N2000_p5000_s20_tridiag_law4,known_s,interior,rank,CORRELATED_STRESS,2000,5000,20,40,40,tridiag,4,exact_s_known,105,1000,1000,0,0,0,0,0,1000,0,1000,1.0,0.0,1000,1.0,0.0,1000,1000,1000,1.0,0.0,1000,0,1000,0,961,0.961,0.0061220095,961,0,0.961,0.0061220095,1000,961,0.1817646544,0.0001500221,1000,0,0,0.0,0.0,0,0,0,1000,1000,0.0,0.0,0,0,0,0.0,0,0.0,0.0,0.0,0.0,0.0,0.0,0.0,0.0,0.0,0.0,1.0,0.0
rank_N2000_p5000_s20_tridiag_law4,unknown_s,interior,rank,CORRELATED_STRESS,2000,5000,20,40,40,tridiag,4,upper_bound_K_known,105,1000,1000,0,0,0,0,0,1000,0,1000,1.0,0.0,1000,1.0,0.0,1000,1000,1000,1.0,0.0,1000,0,1000,0,961,0.961,0.0061220095,961,0,0.961,0.0061220095,1000,961,0.1817646544,0.0001500221,1000,0,0,0.0,0.0,0,0,0,1000,1000,0.0,0.0,0,0,0,0.0,0,0.0,0.0,0.0,0.0,0.0,0.0,0.0,0.0,0.0,0.0,1.0,0.0
rank_N2000_p5000_s20_tridiag_law5,known_s,interior,rank,CORRELATED_STRESS,2000,5000,20,40,40,tridiag,5,exact_s_known,106,1000,1000,0,0,0,0,0,1000,0,1000,1.0,0.0,1000,1.0,0.0,1000,1000,1000,1.0,0.0,1000,0,1000,0,960,0.96,0.0061967734,960,0,0.96,0.0061967734,1000,960,0.2842932325,0.0003038613,1000,0,0,0.0,0.0,0,0,0,1000,1000,0.0,0.0,0,0,0,0.0,0,0.0,0.0,0.0,0.0,0.0,0.0,0.0,0.0,0.0,0.0,1.0,0.0
rank_N2000_p5000_s20_tridiag_law5,unknown_s,interior,rank,CORRELATED_STRESS,2000,5000,20,40,40,tridiag,5,upper_bound_K_known,106,1000,1000,0,0,0,0,0,1000,0,1000,1.0,0.0,1000,1.0,0.0,1000,1000,1000,1.0,0.0,1000,0,1000,0,960,0.96,0.0061967734,960,0,0.96,0.0061967734,1000,960,0.2842932325,0.0003038613,1000,0,0,0.0,0.0,0,0,0,1000,1000,0.0,0.0,0,0,0,0.0,0,0.0,0.0,0.0,0.0,0.0,0.0,0.0,0.0,0.0,0.0,1.0,0.0
rank_N2000_p5000_s20_tridiag_law6,known_s,interior,rank,CORRELATED_STRESS,2000,5000,20,40,40,tridiag,6,exact_s_known,107,1000,1000,0,0,0,0,0,1000,0,1000,1.0,0.0,1000,1.0,0.0,1000,1000,1000,1.0,0.0,1000,0,1000,0,975,0.975,0.0049371044,975,0,0.975,0.0049371044,1000,975,0.1628147378,0.0001317301,1000,0,0,0.0,0.0,0,0,0,1000,1000,0.0,0.0,0,0,0,0.0,0,0.0,0.0,0.0,0.0,0.0,0.0,0.0,0.0,0.0,0.0,1.0,0.0
rank_N2000_p5000_s20_tridiag_law6,unknown_s,interior,rank,CORRELATED_STRESS,2000,5000,20,40,40,tridiag,6,upper_bound_K_known,107,1000,1000,0,0,0,0,0,1000,0,1000,1.0,0.0,1000,1.0,0.0,1000,1000,1000,1.0,0.0,1000,0,1000,0,975,0.975,0.0049371044,975,0,0.975,0.0049371044,1000,975,0.1628147378,0.0001317301,1000,0,0,0.0,0.0,0,0,0,1000,1000,0.0,0.0,0,0,0,0.0,0,0.0,0.0,0.0,0.0,0.0,0.0,0.0,0.0,0.0,0.0,1.0,0.0
rank_N2000_p5000_s3_identity_law1,known_s,interior,rank,IDENTITY_REFERENCE,2000,5000,3,6,6,identity,1,exact_s_known,72,1000,1000,0,0,0,0,0,1000,0,1000,1.0,0.0,1000,1.0,0.0,1000,1000,1000,1.0,0.0,1000,0,1000,0,954,0.954,0.0066245,954,0,0.954,0.0066245,1000,954,0.1109456886,0.0001054902,1000,0,0,0.0,0.0,0,0,0,1000,1000,0.0,0.0,0,0,0,0.0,0,0.0,0.0,0.0,0.0,0.0,0.0,0.0,0.0,0.0,0.0,1.0,0.0
rank_N2000_p5000_s3_identity_law1,unknown_s,interior,rank,IDENTITY_REFERENCE,2000,5000,3,6,6,identity,1,upper_bound_K_known,72,1000,1000,0,0,0,0,0,1000,0,1000,1.0,0.0,1000,1.0,0.0,1000,1000,1000,1.0,0.0,1000,0,1000,0,954,0.954,0.0066245,954,0,0.954,0.0066245,1000,954,0.1109456886,0.0001054902,1000,0,0,0.0,0.0,0,0,0,1000,1000,0.0,0.0,0,0,0,0.0,0,0.0,0.0,0.0,0.0,0.0,0.0,0.0,0.0,0.0,0.0,1.0,0.0
rank_N2000_p5000_s3_identity_law2,known_s,interior,rank,IDENTITY_REFERENCE,2000,5000,3,6,6,identity,2,exact_s_known,73,1000,1000,0,0,0,0,0,1000,0,1000,1.0,0.0,1000,1.0,0.0,1000,1000,1000,1.0,0.0,1000,0,1000,0,950,0.95,0.0068920244,950,0,0.95,0.0068920244,1000,950,0.0960662834,9.87729e-05,1000,0,0,0.0,0.0,0,0,0,1000,1000,0.0,0.0,0,0,0,0.0,0,0.0,0.0,0.0,0.0,0.0,0.0,0.0,0.0,0.0,0.0,1.0,0.0
rank_N2000_p5000_s3_identity_law2,unknown_s,interior,rank,IDENTITY_REFERENCE,2000,5000,3,6,6,identity,2,upper_bound_K_known,73,1000,1000,0,0,0,0,0,1000,0,1000,1.0,0.0,1000,1.0,0.0,1000,1000,1000,1.0,0.0,1000,0,1000,0,950,0.95,0.0068920244,950,0,0.95,0.0068920244,1000,950,0.0960662834,9.87729e-05,1000,0,0,0.0,0.0,0,0,0,1000,1000,0.0,0.0,0,0,0,0.0,0,0.0,0.0,0.0,0.0,0.0,0.0,0.0,0.0,0.0,0.0,1.0,0.0
rank_N2000_p5000_s3_identity_law3,known_s,interior,rank,IDENTITY_REFERENCE,2000,5000,3,6,6,identity,3,exact_s_known,74,1000,1000,0,0,0,0,0,1000,0,1000,1.0,0.0,1000,1.0,0.0,1000,1000,1000,1.0,0.0,1000,0,1000,0,952,0.952,0.0067598817,952,0,0.952,0.0067598817,1000,952,0.1043086535,9.89166e-05,1000,0,0,0.0,0.0,0,0,0,1000,1000,0.0,0.0,0,0,0,0.0,0,0.0,0.0,0.0,0.0,0.0,0.0,0.0,0.0,0.0,0.0,1.0,0.0
rank_N2000_p5000_s3_identity_law3,unknown_s,interior,rank,IDENTITY_REFERENCE,2000,5000,3,6,6,identity,3,upper_bound_K_known,74,1000,1000,0,0,0,0,0,1000,0,1000,1.0,0.0,1000,1.0,0.0,1000,1000,1000,1.0,0.0,1000,0,1000,0,952,0.952,0.0067598817,952,0,0.952,0.0067598817,1000,952,0.1043086535,9.89166e-05,1000,0,0,0.0,0.0,0,0,0,1000,1000,0.0,0.0,0,0,0,0.0,0,0.0,0.0,0.0,0.0,0.0,0.0,0.0,0.0,0.0,0.0,1.0,0.0
rank_N2000_p5000_s3_identity_law4,known_s,interior,rank,IDENTITY_REFERENCE,2000,5000,3,6,6,identity,4,exact_s_known,75,1000,1000,0,0,0,0,0,1000,0,1000,1.0,0.0,1000,1.0,0.0,1000,1000,1000,1.0,0.0,1000,0,1000,0,950,0.95,0.0068920244,950,0,0.95,0.0068920244,1000,950,0.1425482231,0.0001530717,1000,0,0,0.0,0.0,0,0,0,1000,1000,0.0,0.0,0,0,0,0.0,0,0.0,0.0,0.0,0.0,0.0,0.0,0.0,0.0,0.0,0.0,1.0,0.0
rank_N2000_p5000_s3_identity_law4,unknown_s,interior,rank,IDENTITY_REFERENCE,2000,5000,3,6,6,identity,4,upper_bound_K_known,75,1000,1000,0,0,0,0,0,1000,0,1000,1.0,0.0,1000,1.0,0.0,1000,1000,999,0.999,0.0009994999,999,0,999,0,949,0.949,0.006956939,949,0,0.9499499499,0.0068987416,999,950,0.142555295,0.0001529853,1000,0,0,0.0,0.0,0,0,0,1000,1000,0.0,0.0,0,1,1,0.001,0,0.0,0.0,0.0,0.0,0.0,0.0,0.001,0.0009994999,0.0,0.0,1.0,0.0
rank_N2000_p5000_s3_identity_law5,known_s,interior,rank,IDENTITY_REFERENCE,2000,5000,3,6,6,identity,5,exact_s_known,76,1000,1000,0,0,0,0,0,1000,0,1000,1.0,0.0,1000,1.0,0.0,1000,1000,1000,1.0,0.0,1000,0,1000,0,959,0.959,0.0062704864,959,0,0.959,0.0062704864,1000,959,0.2207666438,0.0002991763,1000,0,0,0.0,0.0,0,0,0,1000,1000,0.0,0.0,0,0,0,0.0,0,0.0,0.0,0.0,0.0,0.0,0.0,0.0,0.0,0.0,0.0,1.0,0.0
rank_N2000_p5000_s3_identity_law5,unknown_s,interior,rank,IDENTITY_REFERENCE,2000,5000,3,6,6,identity,5,upper_bound_K_known,76,1000,1000,0,0,0,0,0,1000,0,1000,1.0,0.0,1000,1.0,0.0,1000,1000,1000,1.0,0.0,1000,0,1000,0,959,0.959,0.0062704864,959,0,0.959,0.0062704864,1000,959,0.2207666438,0.0002991763,1000,0,0,0.0,0.0,0,0,0,1000,1000,0.0,0.0,0,0,0,0.0,0,0.0,0.0,0.0,0.0,0.0,0.0,0.0,0.0,0.0,0.0,1.0,0.0
rank_N2000_p5000_s3_identity_law6,known_s,interior,rank,IDENTITY_REFERENCE,2000,5000,3,6,6,identity,6,exact_s_known,77,1000,1000,0,0,0,0,0,1000,0,1000,1.0,0.0,1000,1.0,0.0,1000,1000,1000,1.0,0.0,1000,0,1000,0,951,0.951,0.006826346,951,0,0.951,0.006826346,1000,951,0.1277588617,0.0001365854,1000,0,0,0.0,0.0,0,0,0,1000,1000,0.0,0.0,0,0,0,0.0,0,0.0,0.0,0.0,0.0,0.0,0.0,0.0,0.0,0.0,0.0,1.0,0.0
rank_N2000_p5000_s3_identity_law6,unknown_s,interior,rank,IDENTITY_REFERENCE,2000,5000,3,6,6,identity,6,upper_bound_K_known,77,1000,1000,0,0,0,0,0,1000,0,1000,1.0,0.0,1000,1.0,0.0,1000,1000,1000,1.0,0.0,1000,0,1000,0,951,0.951,0.006826346,951,0,0.951,0.006826346,1000,951,0.1277588617,0.0001365854,1000,0,0,0.0,0.0,0,0,0,1000,1000,0.0,0.0,0,0,0,0.0,0,0.0,0.0,0.0,0.0,0.0,0.0,0.0,0.0,0.0,0.0,1.0,0.0
rank_N2000_p5000_s3_toeplitz_law1,known_s,interior,rank,CORRELATED_STRESS,2000,5000,3,6,6,toeplitz,1,exact_s_known,78,1000,1000,0,0,0,0,0,1000,0,1000,1.0,0.0,1000,1.0,0.0,1000,1000,1000,1.0,0.0,1000,0,1000,0,952,0.952,0.0067598817,952,0,0.952,0.0067598817,1000,952,0.1109942377,0.000108954,1000,0,0,0.0,0.0,0,0,0,1000,1000,0.0,0.0,0,0,0,0.0,0,0.0,0.0,0.0,0.0,0.0,0.0,0.0,0.0,0.0,0.0,1.0,0.0
rank_N2000_p5000_s3_toeplitz_law1,unknown_s,interior,rank,CORRELATED_STRESS,2000,5000,3,6,6,toeplitz,1,upper_bound_K_known,78,1000,1000,0,0,0,0,0,1000,0,1000,1.0,0.0,1000,1.0,0.0,1000,1000,1000,1.0,0.0,1000,0,1000,0,952,0.952,0.0067598817,952,0,0.952,0.0067598817,1000,952,0.1109942377,0.000108954,1000,0,0,0.0,0.0,0,0,0,1000,1000,0.0,0.0,0,0,0,0.0,0,0.0,0.0,0.0,0.0,0.0,0.0,0.0,0.0,0.0,0.0,1.0,0.0
rank_N2000_p5000_s3_toeplitz_law2,known_s,interior,rank,CORRELATED_STRESS,2000,5000,3,6,6,toeplitz,2,exact_s_known,79,1000,1000,0,0,0,0,0,1000,0,1000,1.0,0.0,1000,1.0,0.0,1000,1000,1000,1.0,0.0,1000,0,1000,0,954,0.954,0.0066245,954,0,0.954,0.0066245,1000,954,0.0960404964,9.88569e-05,1000,0,0,0.0,0.0,0,0,0,1000,1000,0.0,0.0,0,0,0,0.0,0,0.0,0.0,0.0,0.0,0.0,0.0,0.0,0.0,0.0,0.0,1.0,0.0
rank_N2000_p5000_s3_toeplitz_law2,unknown_s,interior,rank,CORRELATED_STRESS,2000,5000,3,6,6,toeplitz,2,upper_bound_K_known,79,1000,1000,0,0,0,0,0,1000,0,1000,1.0,0.0,1000,1.0,0.0,1000,1000,1000,1.0,0.0,1000,0,1000,0,954,0.954,0.0066245,954,0,0.954,0.0066245,1000,954,0.0960404964,9.88569e-05,1000,0,0,0.0,0.0,0,0,0,1000,1000,0.0,0.0,0,0,0,0.0,0,0.0,0.0,0.0,0.0,0.0,0.0,0.0,0.0,0.0,0.0,1.0,0.0
rank_N2000_p5000_s3_toeplitz_law3,known_s,interior,rank,CORRELATED_STRESS,2000,5000,3,6,6,toeplitz,3,exact_s_known,80,1000,1000,0,0,0,0,0,1000,0,1000,1.0,0.0,1000,1.0,0.0,1000,1000,1000,1.0,0.0,1000,0,1000,0,958,0.958,0.0063431853,958,0,0.958,0.0063431853,1000,958,0.1042773959,0.0001029277,1000,0,0,0.0,0.0,0,0,0,1000,1000,0.0,0.0,0,0,0,0.0,0,0.0,0.0,0.0,0.0,0.0,0.0,0.0,0.0,0.0,0.0,1.0,0.0
rank_N2000_p5000_s3_toeplitz_law3,unknown_s,interior,rank,CORRELATED_STRESS,2000,5000,3,6,6,toeplitz,3,upper_bound_K_known,80,1000,1000,0,0,0,0,0,1000,0,1000,1.0,0.0,1000,1.0,0.0,1000,1000,1000,1.0,0.0,1000,0,1000,0,958,0.958,0.0063431853,958,0,0.958,0.0063431853,1000,958,0.1042773959,0.0001029277,1000,0,0,0.0,0.0,0,0,0,1000,1000,0.0,0.0,0,0,0,0.0,0,0.0,0.0,0.0,0.0,0.0,0.0,0.0,0.0,0.0,0.0,1.0,0.0
rank_N2000_p5000_s3_toeplitz_law4,known_s,interior,rank,CORRELATED_STRESS,2000,5000,3,6,6,toeplitz,4,exact_s_known,81,1000,1000,0,0,0,0,0,1000,0,1000,1.0,0.0,1000,1.0,0.0,1000,1000,1000,1.0,0.0,1000,0,1000,0,957,0.957,0.0064149045,957,0,0.957,0.0064149045,1000,957,0.1425648148,0.0001562829,1000,0,0,0.0,0.0,0,0,0,1000,1000,0.0,0.0,0,0,0,0.0,0,0.0,0.0,0.0,0.0,0.0,0.0,0.0,0.0,0.0,0.0,1.0,0.0
rank_N2000_p5000_s3_toeplitz_law4,unknown_s,interior,rank,CORRELATED_STRESS,2000,5000,3,6,6,toeplitz,4,upper_bound_K_known,81,1000,1000,0,0,0,0,0,1000,0,1000,1.0,0.0,1000,1.0,0.0,1000,1000,1000,1.0,0.0,1000,0,1000,0,957,0.957,0.0064149045,957,0,0.957,0.0064149045,1000,957,0.1425648148,0.0001562829,1000,0,0,0.0,0.0,0,0,0,1000,1000,0.0,0.0,0,0,0,0.0,0,0.0,0.0,0.0,0.0,0.0,0.0,0.0,0.0,0.0,0.0,1.0,0.0
rank_N2000_p5000_s3_toeplitz_law5,known_s,interior,rank,CORRELATED_STRESS,2000,5000,3,6,6,toeplitz,5,exact_s_known,82,1000,1000,0,0,0,0,0,1000,0,1000,1.0,0.0,1000,1.0,0.0,1000,1000,1000,1.0,0.0,1000,0,1000,0,959,0.959,0.0062704864,959,0,0.959,0.0062704864,1000,959,0.220405816,0.0002864813,1000,0,0,0.0,0.0,0,0,0,1000,1000,0.0,0.0,0,0,0,0.0,0,0.0,0.0,0.0,0.0,0.0,0.0,0.0,0.0,0.0,0.0,1.0,0.0
rank_N2000_p5000_s3_toeplitz_law5,unknown_s,interior,rank,CORRELATED_STRESS,2000,5000,3,6,6,toeplitz,5,upper_bound_K_known,82,1000,1000,0,0,0,0,0,1000,0,1000,1.0,0.0,1000,1.0,0.0,1000,1000,1000,1.0,0.0,1000,0,1000,0,959,0.959,0.0062704864,959,0,0.959,0.0062704864,1000,959,0.220405816,0.0002864813,1000,0,0,0.0,0.0,0,0,0,1000,1000,0.0,0.0,0,0,0,0.0,0,0.0,0.0,0.0,0.0,0.0,0.0,0.0,0.0,0.0,0.0,1.0,0.0
rank_N2000_p5000_s3_toeplitz_law6,known_s,interior,rank,CORRELATED_STRESS,2000,5000,3,6,6,toeplitz,6,exact_s_known,83,1000,1000,0,0,0,0,0,1000,0,1000,1.0,0.0,1000,1.0,0.0,1000,1000,1000,1.0,0.0,1000,0,1000,0,948,0.948,0.007021111,948,0,0.948,0.007021111,1000,948,0.1278659993,0.0001414761,1000,0,0,0.0,0.0,0,0,0,1000,1000,0.0,0.0,0,0,0,0.0,0,0.0,0.0,0.0,0.0,0.0,0.0,0.0,0.0,0.0,0.0,1.0,0.0
rank_N2000_p5000_s3_toeplitz_law6,unknown_s,interior,rank,CORRELATED_STRESS,2000,5000,3,6,6,toeplitz,6,upper_bound_K_known,83,1000,1000,0,0,0,0,0,1000,0,1000,1.0,0.0,1000,1.0,0.0,1000,1000,1000,1.0,0.0,1000,0,1000,0,948,0.948,0.007021111,948,0,0.948,0.007021111,1000,948,0.1278659993,0.0001414761,1000,0,0,0.0,0.0,0,0,0,1000,1000,0.0,0.0,0,0,0,0.0,0,0.0,0.0,0.0,0.0,0.0,0.0,0.0,0.0,0.0,0.0,1.0,0.0
rank_N2000_p5000_s3_tridiag_law1,known_s,interior,rank,CORRELATED_STRESS,2000,5000,3,6,6,tridiag,1,exact_s_known,84,1000,1000,0,0,0,0,0,1000,0,1000,1.0,0.0,1000,1.0,0.0,1000,1000,1000,1.0,0.0,1000,0,1000,0,948,0.948,0.007021111,948,0,0.948,0.007021111,1000,948,0.1112331586,0.0001058356,1000,0,0,0.0,0.0,0,0,0,1000,1000,0.0,0.0,0,0,0,0.0,0,0.0,0.0,0.0,0.0,0.0,0.0,0.0,0.0,0.0,0.0,1.0,0.0
rank_N2000_p5000_s3_tridiag_law1,unknown_s,interior,rank,CORRELATED_STRESS,2000,5000,3,6,6,tridiag,1,upper_bound_K_known,84,1000,1000,0,0,0,0,0,1000,0,1000,1.0,0.0,1000,1.0,0.0,1000,1000,1000,1.0,0.0,1000,0,1000,0,948,0.948,0.007021111,948,0,0.948,0.007021111,1000,948,0.1112331586,0.0001058356,1000,0,0,0.0,0.0,0,0,0,1000,1000,0.0,0.0,0,0,0,0.0,0,0.0,0.0,0.0,0.0,0.0,0.0,0.0,0.0,0.0,0.0,1.0,0.0
rank_N2000_p5000_s3_tridiag_law2,known_s,interior,rank,CORRELATED_STRESS,2000,5000,3,6,6,tridiag,2,exact_s_known,85,1000,1000,0,0,0,0,0,1000,0,1000,1.0,0.0,1000,1.0,0.0,1000,1000,1000,1.0,0.0,1000,0,1000,0,954,0.954,0.0066245,954,0,0.954,0.0066245,1000,954,0.0959691276,9.75115e-05,1000,0,0,0.0,0.0,0,0,0,1000,1000,0.0,0.0,0,0,0,0.0,0,0.0,0.0,0.0,0.0,0.0,0.0,0.0,0.0,0.0,0.0,1.0,0.0
rank_N2000_p5000_s3_tridiag_law2,unknown_s,interior,rank,CORRELATED_STRESS,2000,5000,3,6,6,tridiag,2,upper_bound_K_known,85,1000,1000,0,0,0,0,0,1000,0,1000,1.0,0.0,1000,1.0,0.0,1000,1000,1000,1.0,0.0,1000,0,1000,0,954,0.954,0.0066245,954,0,0.954,0.0066245,1000,954,0.0959691276,9.75115e-05,1000,0,0,0.0,0.0,0,0,0,1000,1000,0.0,0.0,0,0,0,0.0,0,0.0,0.0,0.0,0.0,0.0,0.0,0.0,0.0,0.0,0.0,1.0,0.0
rank_N2000_p5000_s3_tridiag_law3,known_s,interior,rank,CORRELATED_STRESS,2000,5000,3,6,6,tridiag,3,exact_s_known,86,1000,1000,0,0,0,0,0,1000,0,1000,1.0,0.0,1000,1.0,0.0,1000,1000,1000,1.0,0.0,1000,0,1000,0,958,0.958,0.0063431853,958,0,0.958,0.0063431853,1000,958,0.104088605,9.9544e-05,1000,0,0,0.0,0.0,0,0,0,1000,1000,0.0,0.0,0,0,0,0.0,0,0.0,0.0,0.0,0.0,0.0,0.0,0.0,0.0,0.0,0.0,1.0,0.0
rank_N2000_p5000_s3_tridiag_law3,unknown_s,interior,rank,CORRELATED_STRESS,2000,5000,3,6,6,tridiag,3,upper_bound_K_known,86,1000,1000,0,0,0,0,0,1000,0,1000,1.0,0.0,1000,1.0,0.0,1000,1000,1000,1.0,0.0,1000,0,1000,0,958,0.958,0.0063431853,958,0,0.958,0.0063431853,1000,958,0.104088605,9.9544e-05,1000,0,0,0.0,0.0,0,0,0,1000,1000,0.0,0.0,0,0,0,0.0,0,0.0,0.0,0.0,0.0,0.0,0.0,0.0,0.0,0.0,0.0,1.0,0.0
rank_N2000_p5000_s3_tridiag_law4,known_s,interior,rank,CORRELATED_STRESS,2000,5000,3,6,6,tridiag,4,exact_s_known,87,1000,1000,0,0,0,0,0,1000,0,1000,1.0,0.0,1000,1.0,0.0,1000,1000,1000,1.0,0.0,1000,0,1000,0,954,0.954,0.0066245,954,0,0.954,0.0066245,1000,954,0.1425632785,0.0001551852,1000,0,0,0.0,0.0,0,0,0,1000,1000,0.0,0.0,0,0,0,0.0,0,0.0,0.0,0.0,0.0,0.0,0.0,0.0,0.0,0.0,0.0,1.0,0.0
rank_N2000_p5000_s3_tridiag_law4,unknown_s,interior,rank,CORRELATED_STRESS,2000,5000,3,6,6,tridiag,4,upper_bound_K_known,87,1000,1000,0,0,0,0,0,1000,0,1000,1.0,0.0,1000,1.0,0.0,1000,1000,1000,1.0,0.0,1000,0,1000,0,954,0.954,0.0066245,954,0,0.954,0.0066245,1000,954,0.1425632785,0.0001551852,1000,0,0,0.0,0.0,0,0,0,1000,1000,0.0,0.0,0,0,0,0.0,0,0.0,0.0,0.0,0.0,0.0,0.0,0.0,0.0,0.0,0.0,1.0,0.0
rank_N2000_p5000_s3_tridiag_law5,known_s,interior,rank,CORRELATED_STRESS,2000,5000,3,6,6,tridiag,5,exact_s_known,88,1000,1000,0,0,0,0,0,1000,0,1000,1.0,0.0,1000,1.0,0.0,1000,1000,1000,1.0,0.0,1000,0,1000,0,958,0.958,0.0063431853,958,0,0.958,0.0063431853,1000,958,0.2201621335,0.0002842042,1000,0,0,0.0,0.0,0,0,0,1000,1000,0.0,0.0,0,0,0,0.0,0,0.0,0.0,0.0,0.0,0.0,0.0,0.0,0.0,0.0,0.0,1.0,0.0
rank_N2000_p5000_s3_tridiag_law5,unknown_s,interior,rank,CORRELATED_STRESS,2000,5000,3,6,6,tridiag,5,upper_bound_K_known,88,1000,1000,0,0,0,0,0,1000,0,1000,1.0,0.0,1000,1.0,0.0,1000,1000,1000,1.0,0.0,1000,0,1000,0,958,0.958,0.0063431853,958,0,0.958,0.0063431853,1000,958,0.2201621335,0.0002842042,1000,0,0,0.0,0.0,0,0,0,1000,1000,0.0,0.0,0,0,0,0.0,0,0.0,0.0,0.0,0.0,0.0,0.0,0.0,0.0,0.0,0.0,1.0,0.0
rank_N2000_p5000_s3_tridiag_law6,known_s,interior,rank,CORRELATED_STRESS,2000,5000,3,6,6,tridiag,6,exact_s_known,89,1000,1000,0,0,0,0,0,1000,0,1000,1.0,0.0,1000,1.0,0.0,1000,1000,1000,1.0,0.0,1000,0,1000,0,961,0.961,0.0061220095,961,0,0.961,0.0061220095,1000,961,0.1275359229,0.0001372391,1000,0,0,0.0,0.0,0,0,0,1000,1000,0.0,0.0,0,0,0,0.0,0,0.0,0.0,0.0,0.0,0.0,0.0,0.0,0.0,0.0,0.0,1.0,0.0
rank_N2000_p5000_s3_tridiag_law6,unknown_s,interior,rank,CORRELATED_STRESS,2000,5000,3,6,6,tridiag,6,upper_bound_K_known,89,1000,1000,0,0,0,0,0,1000,0,1000,1.0,0.0,1000,1.0,0.0,1000,1000,1000,1.0,0.0,1000,0,1000,0,961,0.961,0.0061220095,961,0,0.961,0.0061220095,1000,961,0.1275359229,0.0001372391,1000,0,0,0.0,0.0,0,0,0,1000,1000,0.0,0.0,0,0,0,0.0,0,0.0,0.0,0.0,0.0,0.0,0.0,0.0,0.0,0.0,0.0,1.0,0.0
rank_N500_p1000_s20_identity_law1,known_s,interior,rank,IDENTITY_REFERENCE,500,1000,20,40,40,identity,1,exact_s_known,18,1000,1000,0,0,0,0,0,1000,0,1000,1.0,0.0,1000,1.0,0.0,1000,1000,1000,1.0,0.0,1000,0,1000,0,955,0.955,0.006555532,955,0,0.955,0.006555532,1000,955,0.2901640648,0.0003803342,1000,0,0,0.0,0.0,0,0,0,1000,1000,0.0,0.0,0,0,0,0.0,0,0.0,0.0,0.0,0.0,0.0,0.0,0.0,0.0,0.0,0.0,1.0,0.0
rank_N500_p1000_s20_identity_law1,unknown_s,interior,rank,IDENTITY_REFERENCE,500,1000,20,40,40,identity,1,upper_bound_K_known,18,1000,1000,0,0,0,0,0,1000,0,1000,1.0,0.0,1000,1.0,0.0,1000,1000,979,0.979,0.0045342033,979,0,979,0,936,0.936,0.0077397674,936,0,0.9560776302,0.0065493487,979,956,0.290085424,0.0003809849,1000,0,0,0.0,0.0,0,0,0,1000,1000,0.0,0.0,0,21,21,0.021,0,0.0,0.0,0.0,0.0,0.0,0.0,0.021,0.0045342033,0.0,0.0,1.0,0.0
rank_N500_p1000_s20_identity_law2,known_s,interior,rank,IDENTITY_REFERENCE,500,1000,20,40,40,identity,2,exact_s_known,19,1000,1000,0,0,0,0,0,1000,0,1000,1.0,0.0,1000,1.0,0.0,1000,1000,1000,1.0,0.0,1000,0,1000,0,957,0.957,0.0064149045,957,0,0.957,0.0064149045,1000,957,0.2525816151,0.0003947282,1000,0,0,0.0,0.0,0,0,0,1000,1000,0.0,0.0,0,0,0,0.0,0,0.0,0.0,0.0,0.0,0.0,0.0,0.0,0.0,0.0,0.0,1.0,0.0
rank_N500_p1000_s20_identity_law2,unknown_s,interior,rank,IDENTITY_REFERENCE,500,1000,20,40,40,identity,2,upper_bound_K_known,19,1000,1000,0,0,0,0,0,1000,0,1000,1.0,0.0,1000,1.0,0.0,1000,1000,979,0.979,0.0045342033,979,0,979,0,938,0.938,0.0076260081,938,0,0.9581205312,0.0064020537,979,955,0.2525735503,0.0003956296,1000,0,0,0.0,0.0,0,0,0,1000,1000,0.0,0.0,0,22,21,0.022,0,0.0,0.0,0.0,0.0,0.0,0.0,0.021,0.0045342033,0.0,0.0,1.0,0.0
rank_N500_p1000_s20_identity_law3,known_s,interior,rank,IDENTITY_REFERENCE,500,1000,20,40,40,identity,3,exact_s_known,20,1000,1000,0,0,0,0,0,1000,0,1000,1.0,0.0,1000,1.0,0.0,1000,1000,1000,1.0,0.0,1000,0,1000,0,963,0.963,0.0059691708,963,0,0.963,0.0059691708,1000,963,0.2733279348,0.0003809112,1000,0,0,0.0,0.0,0,0,0,1000,1000,0.0,0.0,0,0,0,0.0,0,0.0,0.0,0.0,0.0,0.0,0.0,0.0,0.0,0.0,0.0,1.0,0.0
rank_N500_p1000_s20_identity_law3,unknown_s,interior,rank,IDENTITY_REFERENCE,500,1000,20,40,40,identity,3,upper_bound_K_known,20,1000,1000,0,0,0,0,0,1000,0,1000,1.0,0.0,1000,1.0,0.0,1000,1000,984,0.984,0.003967871,984,0,984,0,948,0.948,0.007021111,948,0,0.9634146341,0.0059849809,984,962,0.2732976963,0.0003798524,1000,0,0,0.0,0.0,0,0,0,1000,1000,0.0,0.0,0,17,16,0.017,0,0.0,0.0,0.0,0.0,0.0,0.0,0.016,0.003967871,0.0,0.0,1.0,0.0
rank_N500_p1000_s20_identity_law4,known_s,interior,rank,IDENTITY_REFERENCE,500,1000,20,40,40,identity,4,exact_s_known,21,1000,1000,0,0,0,0,0,1000,0,1000,1.0,0.0,1000,1.0,0.0,1000,1000,1000,1.0,0.0,1000,0,1000,0,962,0.962,0.0060461558,962,0,0.962,0.0060461558,1000,962,0.380768619,0.0006464715,1000,0,0,0.0,0.0,0,0,0,1000,1000,0.0,0.0,0,0,0,0.0,0,0.0,0.0,0.0,0.0,0.0,0.0,0.0,0.0,0.0,0.0,1.0,0.0
rank_N500_p1000_s20_identity_law4,unknown_s,interior,rank,IDENTITY_REFERENCE,500,1000,20,40,40,identity,4,upper_bound_K_known,21,1000,1000,0,0,0,0,0,1000,0,1000,1.0,0.0,1000,1.0,0.0,1000,1000,989,0.989,0.0032983329,989,0,989,0,952,0.952,0.0067598817,952,0,0.9625884732,0.0060342722,989,962,0.3806863227,0.0006415794,1000,0,0,0.0,0.0,0,0,0,1000,1000,0.0,0.0,0,11,11,0.011,0,0.0,0.0,0.0,0.0,0.0,0.0,0.011,0.0032983329,0.0,0.0,1.0,0.0
rank_N500_p1000_s20_identity_law5,known_s,interior,rank,IDENTITY_REFERENCE,500,1000,20,40,40,identity,5,exact_s_known,22,1000,1000,0,0,0,0,0,1000,0,1000,1.0,0.0,1000,1.0,0.0,1000,1000,1000,1.0,0.0,1000,0,1000,0,981,0.981,0.0043172908,981,0,0.981,0.0043172908,1000,981,0.6133488826,0.0014146082,1000,0,0,0.0,0.0,0,0,0,1000,1000,0.0,0.0,0,0,0,0.0,0,0.0,0.0,0.0,0.0,0.0,0.0,0.0,0.0,0.0,0.0,1.0,0.0
rank_N500_p1000_s20_identity_law5,unknown_s,interior,rank,IDENTITY_REFERENCE,500,1000,20,40,40,identity,5,upper_bound_K_known,22,1000,1000,0,0,0,0,0,1000,0,1000,1.0,0.0,1000,1.0,0.0,1000,1000,999,0.999,0.0009994999,999,0,999,0,980,0.98,0.0044271887,980,0,0.980980981,0.0043215705,999,981,0.6133246937,0.0014144789,1000,0,0,0.0,0.0,0,0,0,1000,1000,0.0,0.0,0,1,1,0.001,0,0.0,0.0,0.0,0.0,0.0,0.0,0.001,0.0009994999,0.0,0.0,1.0,0.0
rank_N500_p1000_s20_identity_law6,known_s,interior,rank,IDENTITY_REFERENCE,500,1000,20,40,40,identity,6,exact_s_known,23,1000,1000,0,0,0,0,0,1000,0,1000,1.0,0.0,1000,1.0,0.0,1000,1000,1000,1.0,0.0,1000,0,1000,0,968,0.968,0.0055656087,968,0,0.968,0.0055656087,1000,968,0.3398563937,0.000543243,1000,0,0,0.0,0.0,0,0,0,1000,1000,0.0,0.0,0,0,0,0.0,0,0.0,0.0,0.0,0.0,0.0,0.0,0.0,0.0,0.0,0.0,1.0,0.0
rank_N500_p1000_s20_identity_law6,unknown_s,interior,rank,IDENTITY_REFERENCE,500,1000,20,40,40,identity,6,upper_bound_K_known,23,1000,1000,0,0,0,0,0,1000,0,1000,1.0,0.0,1000,1.0,0.0,1000,1000,995,0.995,0.0022304708,995,0,995,0,963,0.963,0.0059691708,963,0,0.967839196,0.0055931119,995,968,0.3398667575,0.0005427356,1000,0,0,0.0,0.0,0,0,0,1000,1000,0.0,0.0,0,5,5,0.005,0,0.0,0.0,0.0,0.0,0.0,0.0,0.005,0.0022304708,0.0,0.0,1.0,0.0
rank_N500_p1000_s20_toeplitz_law1,known_s,interior,rank,CORRELATED_STRESS,500,1000,20,40,40,toeplitz,1,exact_s_known,24,1000,1000,0,0,0,0,0,1000,0,1000,1.0,0.0,1000,1.0,0.0,1000,1000,1000,1.0,0.0,1000,0,1000,0,959,0.959,0.0062704864,959,0,0.959,0.0062704864,1000,959,0.2921767192,0.0004011582,1000,0,0,0.0,0.0,0,0,0,1000,1000,0.0,0.0,0,0,0,0.0,0,0.0,0.0,0.0,0.0,0.0,0.0,0.0,0.0,0.0,0.0,1.0,0.0
rank_N500_p1000_s20_toeplitz_law1,unknown_s,interior,rank,CORRELATED_STRESS,500,1000,20,40,40,toeplitz,1,upper_bound_K_known,24,1000,1000,0,0,0,0,0,1000,0,1000,1.0,0.0,1000,1.0,0.0,1000,1000,975,0.975,0.0049371044,975,0,975,0,935,0.935,0.0077958322,935,0,0.958974359,0.006352269,975,958,0.2921529437,0.0004016471,1000,0,0,0.0,0.0,0,0,0,1000,1000,0.0,0.0,0,25,25,0.025,0,0.0,0.0,0.0,0.0,0.0,0.0,0.025,0.0049371044,0.0,0.0,1.0,0.0
rank_N500_p1000_s20_toeplitz_law2,known_s,interior,rank,CORRELATED_STRESS,500,1000,20,40,40,toeplitz,2,exact_s_known,25,1000,1000,0,0,0,0,0,1000,0,1000,1.0,0.0,1000,1.0,0.0,1000,1000,1000,1.0,0.0,1000,0,1000,0,962,0.962,0.0060461558,962,0,0.962,0.0060461558,1000,962,0.2547529008,0.0003985926,1000,0,0,0.0,0.0,0,0,0,1000,1000,0.0,0.0,0,0,0,0.0,0,0.0,0.0,0.0,0.0,0.0,0.0,0.0,0.0,0.0,0.0,1.0,0.0
rank_N500_p1000_s20_toeplitz_law2,unknown_s,interior,rank,CORRELATED_STRESS,500,1000,20,40,40,toeplitz,2,upper_bound_K_known,25,1000,1000,0,0,0,0,0,1000,0,1000,1.0,0.0,1000,1.0,0.0,1000,1000,982,0.982,0.0042042835,982,0,982,0,944,0.944,0.0072707634,944,0,0.9613034623,0.0061547521,982,961,0.2547890814,0.0003978407,1000,0,0,0.0,0.0,0,0,0,1000,1000,0.0,0.0,0,18,18,0.018,0,0.0,0.0,0.0,0.0,0.0,0.0,0.018,0.0042042835,0.0,0.0,1.0,0.0
rank_N500_p1000_s20_toeplitz_law3,known_s,interior,rank,CORRELATED_STRESS,500,1000,20,40,40,toeplitz,3,exact_s_known,26,1000,1000,0,0,0,0,0,1000,0,1000,1.0,0.0,1000,1.0,0.0,1000,1000,1000,1.0,0.0,1000,0,1000,0,961,0.961,0.0061220095,961,0,0.961,0.0061220095,1000,961,0.2764908482,0.0004062775,1000,0,0,0.0,0.0,0,0,0,1000,1000,0.0,0.0,0,0,0,0.0,0,0.0,0.0,0.0,0.0,0.0,0.0,0.0,0.0,0.0,0.0,1.0,0.0
rank_N500_p1000_s20_toeplitz_law3,unknown_s,interior,rank,CORRELATED_STRESS,500,1000,20,40,40,toeplitz,3,upper_bound_K_known,26,1000,1000,0,0,0,0,0,1000,0,1000,1.0,0.0,1000,1.0,0.0,1000,1000,980,0.98,0.0044271887,980,0,980,0,942,0.942,0.0073916169,942,0,0.9612244898,0.0061670595,980,961,0.2764030672,0.0004072045,1000,0,0,0.0,0.0,0,0,0,1000,1000,0.0,0.0,0,20,20,0.02,0,0.0,0.0,0.0,0.0,0.0,0.0,0.02,0.0044271887,0.0,0.0,1.0,0.0
rank_N500_p1000_s20_toeplitz_law4,known_s,interior,rank,CORRELATED_STRESS,500,1000,20,40,40,toeplitz,4,exact_s_known,27,1000,1000,0,0,0,0,0,1000,0,1000,1.0,0.0,1000,1.0,0.0,1000,1000,1000,1.0,0.0,1000,0,1000,0,962,0.962,0.0060461558,962,0,0.962,0.0060461558,1000,962,0.3837998788,0.000669532,1000,0,0,0.0,0.0,0,0,0,1000,1000,0.0,0.0,0,0,0,0.0,0,0.0,0.0,0.0,0.0,0.0,0.0,0.0,0.0,0.0,0.0,1.0,0.0
rank_N500_p1000_s20_toeplitz_law4,unknown_s,interior,rank,CORRELATED_STRESS,500,1000,20,40,40,toeplitz,4,upper_bound_K_known,27,1000,1000,0,0,0,0,0,1000,0,1000,1.0,0.0,1000,1.0,0.0,1000,1000,982,0.982,0.0042042835,982,0,982,0,947,0.947,0.0070845607,947,0,0.9643584521,0.0059161855,982,962,0.383653191,0.0006686606,1000,0,0,0.0,0.0,0,0,0,1000,1000,0.0,0.0,0,18,18,0.018,0,0.0,0.0,0.0,0.0,0.0,0.0,0.018,0.0042042835,0.0,0.0,1.0,0.0
rank_N500_p1000_s20_toeplitz_law5,known_s,interior,rank,CORRELATED_STRESS,500,1000,20,40,40,toeplitz,5,exact_s_known,28,1000,1000,0,0,0,0,0,1000,0,1000,1.0,0.0,1000,1.0,0.0,1000,1000,1000,1.0,0.0,1000,0,1000,0,980,0.98,0.0044271887,980,0,0.98,0.0044271887,1000,980,0.6215364039,0.0014087919,1000,0,0,0.0,0.0,0,0,0,1000,1000,0.0,0.0,0,0,0,0.0,0,0.0,0.0,0.0,0.0,0.0,0.0,0.0,0.0,0.0,0.0,1.0,0.0
rank_N500_p1000_s20_toeplitz_law5,unknown_s,interior,rank,CORRELATED_STRESS,500,1000,20,40,40,toeplitz,5,upper_bound_K_known,28,1000,1000,0,0,0,0,0,1000,0,1000,1.0,0.0,1000,1.0,0.0,1000,1000,999,0.999,0.0009994999,999,0,999,0,979,0.979,0.0045342033,979,0,0.97997998,0.0044315751,999,980,0.6215376442,0.0014087064,1000,0,0,0.0,0.0,0,0,0,1000,1000,0.0,0.0,0,1,1,0.001,0,0.0,0.0,0.0,0.0,0.0,0.0,0.001,0.0009994999,0.0,0.0,1.0,0.0
rank_N500_p1000_s20_toeplitz_law6,known_s,interior,rank,CORRELATED_STRESS,500,1000,20,40,40,toeplitz,6,exact_s_known,29,1000,1000,0,0,0,0,0,1000,0,1000,1.0,0.0,1000,1.0,0.0,1000,1000,1000,1.0,0.0,1000,0,1000,0,978,0.978,0.0046385343,978,0,0.978,0.0046385343,1000,978,0.3418959168,0.00057277,1000,0,0,0.0,0.0,0,0,0,1000,1000,0.0,0.0,0,0,0,0.0,0,0.0,0.0,0.0,0.0,0.0,0.0,0.0,0.0,0.0,0.0,1.0,0.0
rank_N500_p1000_s20_toeplitz_law6,unknown_s,interior,rank,CORRELATED_STRESS,500,1000,20,40,40,toeplitz,6,upper_bound_K_known,29,1000,1000,0,0,0,0,0,1000,0,1000,1.0,0.0,1000,1.0,0.0,1000,1000,995,0.995,0.0022304708,995,0,995,0,973,0.973,0.0051255244,973,0,0.9778894472,0.00466158,995,978,0.3419411832,0.0005736256,1000,0,0,0.0,0.0,0,0,0,1000,1000,0.0,0.0,0,5,5,0.005,0,0.0,0.0,0.0,0.0,0.0,0.0,0.005,0.0022304708,0.0,0.0,1.0,0.0
rank_N500_p1000_s20_tridiag_law1,known_s,interior,rank,CORRELATED_STRESS,500,1000,20,40,40,tridiag,1,exact_s_known,30,1000,1000,0,0,0,0,0,1000,0,1000,1.0,0.0,1000,1.0,0.0,1000,1000,1000,1.0,0.0,1000,0,1000,0,959,0.959,0.0062704864,959,0,0.959,0.0062704864,1000,959,0.2913891221,0.0004076671,1000,0,0,0.0,0.0,0,0,0,1000,1000,0.0,0.0,0,0,0,0.0,0,0.0,0.0,0.0,0.0,0.0,0.0,0.0,0.0,0.0,0.0,1.0,0.0
rank_N500_p1000_s20_tridiag_law1,unknown_s,interior,rank,CORRELATED_STRESS,500,1000,20,40,40,tridiag,1,upper_bound_K_known,30,1000,1000,0,0,0,0,0,1000,0,1000,1.0,0.0,1000,1.0,0.0,1000,1000,979,0.979,0.0045342033,979,0,979,0,939,0.939,0.0075682891,939,0,0.9591419816,0.0063268677,979,959,0.2913433526,0.0004078318,1000,0,0,0.0,0.0,0,0,0,1000,1000,0.0,0.0,0,22,21,0.022,0,0.0,0.0,0.0,0.0,0.0,0.0,0.021,0.0045342033,0.0,0.0,1.0,0.0
rank_N500_p1000_s20_tridiag_law2,known_s,interior,rank,CORRELATED_STRESS,500,1000,20,40,40,tridiag,2,exact_s_known,31,1000,1000,0,0,0,0,0,1000,0,1000,1.0,0.0,1000,1.0,0.0,1000,1000,1000,1.0,0.0,1000,0,1000,0,968,0.968,0.0055656087,968,0,0.968,0.0055656087,1000,968,0.2538033605,0.0003888643,1000,0,0,0.0,0.0,0,0,0,1000,1000,0.0,0.0,0,0,0,0.0,0,0.0,0.0,0.0,0.0,0.0,0.0,0.0,0.0,0.0,0.0,1.0,0.0
rank_N500_p1000_s20_tridiag_law2,unknown_s,interior,rank,CORRELATED_STRESS,500,1000,20,40,40,tridiag,2,upper_bound_K_known,31,1000,1000,0,0,0,0,0,1000,0,1000,1.0,0.0,1000,1.0,0.0,1000,1000,987,0.987,0.0035820385,987,0,987,0,955,0.955,0.006555532,955,0,0.9675785208,0.0056376868,987,967,0.2537472726,0.0003887766,1000,0,0,0.0,0.0,0,0,0,1000,1000,0.0,0.0,0,13,13,0.013,0,0.0,0.0,0.0,0.0,0.0,0.0,0.013,0.0035820385,0.0,0.0,1.0,0.0
rank_N500_p1000_s20_tridiag_law3,known_s,interior,rank,CORRELATED_STRESS,500,1000,20,40,40,tridiag,3,exact_s_known,32,1000,1000,0,0,0,0,0,1000,0,1000,1.0,0.0,1000,1.0,0.0,1000,1000,1000,1.0,0.0,1000,0,1000,0,957,0.957,0.0064149045,957,0,0.957,0.0064149045,1000,957,0.2747145175,0.0004057429,1000,0,0,0.0,0.0,0,0,0,1000,1000,0.0,0.0,0,0,0,0.0,0,0.0,0.0,0.0,0.0,0.0,0.0,0.0,0.0,0.0,0.0,1.0,0.0
rank_N500_p1000_s20_tridiag_law3,unknown_s,interior,rank,CORRELATED_STRESS,500,1000,20,40,40,tridiag,3,upper_bound_K_known,32,1000,1000,0,0,0,0,0,1000,0,1000,1.0,0.0,1000,1.0,0.0,1000,1000,985,0.985,0.0038438262,985,0,985,0,943,0.943,0.0073315073,943,0,0.9573604061,0.006437632,985,957,0.2747225544,0.0004040464,1000,0,0,0.0,0.0,0,0,0,1000,1000,0.0,0.0,0,15,15,0.015,0,0.0,0.0,0.0,0.0,0.0,0.0,0.015,0.0038438262,0.0,0.0,1.0,0.0
rank_N500_p1000_s20_tridiag_law4,known_s,interior,rank,CORRELATED_STRESS,500,1000,20,40,40,tridiag,4,exact_s_known,33,1000,1000,0,0,0,0,0,1000,0,1000,1.0,0.0,1000,1.0,0.0,1000,1000,1000,1.0,0.0,1000,0,1000,0,961,0.961,0.0061220095,961,0,0.961,0.0061220095,1000,961,0.3811569354,0.0006411444,1000,0,0,0.0,0.0,0,0,0,1000,1000,0.0,0.0,0,0,0,0.0,0,0.0,0.0,0.0,0.0,0.0,0.0,0.0,0.0,0.0,0.0,1.0,0.0
rank_N500_p1000_s20_tridiag_law4,unknown_s,interior,rank,CORRELATED_STRESS,500,1000,20,40,40,tridiag,4,upper_bound_K_known,33,1000,1000,0,0,0,0,0,1000,0,1000,1.0,0.0,1000,1.0,0.0,1000,1000,983,0.983,0.004087909,983,0,983,0,945,0.945,0.0072093689,945,0,0.9613428281,0.0061486168,983,962,0.3810668099,0.0006424129,1000,0,0,0.0,0.0,0,0,0,1000,1000,0.0,0.0,0,17,17,0.017,0,0.0,0.0,0.0,0.0,0.0,0.0,0.017,0.004087909,0.0,0.0,1.0,0.0
rank_N500_p1000_s20_tridiag_law5,known_s,interior,rank,CORRELATED_STRESS,500,1000,20,40,40,tridiag,5,exact_s_known,34,1000,1000,0,0,0,0,0,1000,0,1000,1.0,0.0,1000,1.0,0.0,1000,1000,1000,1.0,0.0,1000,0,1000,0,977,0.977,0.0047403586,977,0,0.977,0.0047403586,1000,977,0.6207846721,0.0013806832,1000,0,0,0.0,0.0,0,0,0,1000,1000,0.0,0.0,0,0,0,0.0,0,0.0,0.0,0.0,0.0,0.0,0.0,0.0,0.0,0.0,0.0,1.0,0.0
rank_N500_p1000_s20_tridiag_law5,unknown_s,interior,rank,CORRELATED_STRESS,500,1000,20,40,40,tridiag,5,upper_bound_K_known,34,1000,1000,0,0,0,0,0,1000,0,1000,1.0,0.0,1000,1.0,0.0,1000,1000,999,0.999,0.0009994999,999,0,999,0,976,0.976,0.0048398347,976,0,0.976976977,0.0047450478,999,977,0.6207572172,0.0013807566,1000,0,0,0.0,0.0,0,0,0,1000,1000,0.0,0.0,0,1,1,0.001,0,0.0,0.0,0.0,0.0,0.0,0.0,0.001,0.0009994999,0.0,0.0,1.0,0.0
rank_N500_p1000_s20_tridiag_law6,known_s,interior,rank,CORRELATED_STRESS,500,1000,20,40,40,tridiag,6,exact_s_known,35,1000,1000,0,0,0,0,0,1000,0,1000,1.0,0.0,1000,1.0,0.0,1000,1000,1000,1.0,0.0,1000,0,1000,0,978,0.978,0.0046385343,978,0,0.978,0.0046385343,1000,978,0.340379502,0.0005751053,1000,0,0,0.0,0.0,0,0,0,1000,1000,0.0,0.0,0,0,0,0.0,0,0.0,0.0,0.0,0.0,0.0,0.0,0.0,0.0,0.0,0.0,1.0,0.0
rank_N500_p1000_s20_tridiag_law6,unknown_s,interior,rank,CORRELATED_STRESS,500,1000,20,40,40,tridiag,6,upper_bound_K_known,35,1000,1000,0,0,0,0,0,1000,0,1000,1.0,0.0,1000,1.0,0.0,1000,1000,991,0.991,0.0029864695,991,0,991,0,969,0.969,0.0054807846,969,0,0.9778002018,0.0046801821,991,978,0.3403768693,0.0005763486,1000,0,0,0.0,0.0,0,0,0,1000,1000,0.0,0.0,0,9,9,0.009,0,0.0,0.0,0.0,0.0,0.0,0.0,0.009,0.0029864695,0.0,0.0,1.0,0.0
rank_N500_p1000_s3_identity_law1,known_s,interior,rank,IDENTITY_REFERENCE,500,1000,3,6,6,identity,1,exact_s_known,0,1000,1000,0,0,0,0,0,1000,0,1000,1.0,0.0,1000,1.0,0.0,1000,1000,1000,1.0,0.0,1000,0,1000,0,969,0.969,0.0054807846,969,0,0.969,0.0054807846,1000,969,0.2256231874,0.0004104278,1000,0,0,0.0,0.0,0,0,0,1000,1000,0.0,0.0,0,0,0,0.0,0,0.0,0.0,0.0,0.0,0.0,0.0,0.0,0.0,0.0,0.0,1.0,0.0
rank_N500_p1000_s3_identity_law1,unknown_s,interior,rank,IDENTITY_REFERENCE,500,1000,3,6,6,identity,1,upper_bound_K_known,0,1000,1000,0,0,0,0,0,1000,0,1000,1.0,0.0,1000,1.0,0.0,1000,1000,998,0.998,0.0014127986,998,0,998,0,967,0.967,0.0056489822,967,0,0.9689378758,0.0054915921,998,969,0.2256525129,0.0004103802,1000,0,0,0.0,0.0,0,0,0,1000,1000,0.0,0.0,0,2,2,0.002,0,0.0,0.0,0.0,0.0,0.0,0.0,0.002,0.0014127986,0.0,0.0,1.0,0.0
rank_N500_p1000_s3_identity_law2,known_s,interior,rank,IDENTITY_REFERENCE,500,1000,3,6,6,identity,2,exact_s_known,1,1000,1000,0,0,0,0,0,1000,0,1000,1.0,0.0,1000,1.0,0.0,1000,1000,1000,1.0,0.0,1000,0,1000,0,960,0.96,0.0061967734,960,0,0.96,0.0061967734,1000,960,0.1955072552,0.0003916511,1000,0,0,0.0,0.0,0,0,0,1000,1000,0.0,0.0,0,0,0,0.0,0,0.0,0.0,0.0,0.0,0.0,0.0,0.0,0.0,0.0,0.0,1.0,0.0
rank_N500_p1000_s3_identity_law2,unknown_s,interior,rank,IDENTITY_REFERENCE,500,1000,3,6,6,identity,2,upper_bound_K_known,1,1000,1000,0,0,0,0,0,1000,0,1000,1.0,0.0,1000,1.0,0.0,1000,1000,998,0.998,0.0014127986,998,0,998,0,958,0.958,0.0063431853,958,0,0.9599198397,0.0062089325,998,960,0.1955357686,0.0003915146,1000,0,0,0.0,0.0,0,0,0,1000,1000,0.0,0.0,0,2,2,0.002,0,0.0,0.0,0.0,0.0,0.0,0.0,0.002,0.0014127986,0.0,0.0,1.0,0.0
rank_N500_p1000_s3_identity_law3,known_s,interior,rank,IDENTITY_REFERENCE,500,1000,3,6,6,identity,3,exact_s_known,2,1000,1000,0,0,0,0,0,1000,0,1000,1.0,0.0,1000,1.0,0.0,1000,1000,1000,1.0,0.0,1000,0,1000,0,968,0.968,0.0055656087,968,0,0.968,0.0055656087,1000,968,0.2121807357,0.0003789385,1000,0,0,0.0,0.0,0,0,0,1000,1000,0.0,0.0,0,0,0,0.0,0,0.0,0.0,0.0,0.0,0.0,0.0,0.0,0.0,0.0,0.0,1.0,0.0
rank_N500_p1000_s3_identity_law3,unknown_s,interior,rank,IDENTITY_REFERENCE,500,1000,3,6,6,identity,3,upper_bound_K_known,2,1000,1000,0,0,0,0,0,1000,0,1000,1.0,0.0,1000,1.0,0.0,1000,1000,1000,1.0,0.0,1000,0,1000,0,968,0.968,0.0055656087,968,0,0.968,0.0055656087,1000,968,0.2121807357,0.0003789385,1000,0,0,0.0,0.0,0,0,0,1000,1000,0.0,0.0,0,0,0,0.0,0,0.0,0.0,0.0,0.0,0.0,0.0,0.0,0.0,0.0,0.0,1.0,0.0
rank_N500_p1000_s3_identity_law4,known_s,interior,rank,IDENTITY_REFERENCE,500,1000,3,6,6,identity,4,exact_s_known,3,1000,1000,0,0,0,0,0,1000,0,1000,1.0,0.0,1000,1.0,0.0,1000,1000,1000,1.0,0.0,1000,0,1000,0,956,0.956,0.0064856765,956,0,0.956,0.0064856765,1000,956,0.2909756353,0.0006151037,1000,0,0,0.0,0.0,0,0,0,1000,1000,0.0,0.0,0,0,0,0.0,0,0.0,0.0,0.0,0.0,0.0,0.0,0.0,0.0,0.0,0.0,1.0,0.0
rank_N500_p1000_s3_identity_law4,unknown_s,interior,rank,IDENTITY_REFERENCE,500,1000,3,6,6,identity,4,upper_bound_K_known,3,1000,1000,0,0,0,0,0,1000,0,1000,1.0,0.0,1000,1.0,0.0,1000,1000,997,0.997,0.0017294508,997,0,997,0,953,0.953,0.0066926079,953,0,0.9558676028,0.0065047416,997,956,0.2910165677,0.0006167469,1000,0,0,0.0,0.0,0,0,0,1000,1000,0.0,0.0,0,3,3,0.003,0,0.0,0.0,0.0,0.0,0.0,0.0,0.003,0.0017294508,0.0,0.0,1.0,0.0
rank_N500_p1000_s3_identity_law5,known_s,interior,rank,IDENTITY_REFERENCE,500,1000,3,6,6,identity,5,exact_s_known,4,1000,1000,0,0,0,0,0,1000,0,1000,1.0,0.0,1000,1.0,0.0,1000,1000,1000,1.0,0.0,1000,0,1000,0,966,0.966,0.0057309685,966,0,0.966,0.0057309685,1000,966,0.4547925046,0.0012171472,1000,0,0,0.0,0.0,0,0,0,1000,1000,0.0,0.0,0,0,0,0.0,0,0.0,0.0,0.0,0.0,0.0,0.0,0.0,0.0,0.0,0.0,1.0,0.0
rank_N500_p1000_s3_identity_law5,unknown_s,interior,rank,IDENTITY_REFERENCE,500,1000,3,6,6,identity,5,upper_bound_K_known,4,1000,1000,0,0,0,0,0,1000,0,1000,1.0,0.0,1000,1.0,0.0,1000,1000,1000,1.0,0.0,1000,0,1000,0,966,0.966,0.0057309685,966,0,0.966,0.0057309685,1000,966,0.4547925046,0.0012171472,1000,0,0,0.0,0.0,0,0,0,1000,1000,0.0,0.0,0,0,0,0.0,0,0.0,0.0,0.0,0.0,0.0,0.0,0.0,0.0,0.0,0.0,1.0,0.0
rank_N500_p1000_s3_identity_law6,known_s,interior,rank,IDENTITY_REFERENCE,500,1000,3,6,6,identity,6,exact_s_known,5,1000,1000,0,0,0,0,0,1000,0,1000,1.0,0.0,1000,1.0,0.0,1000,1000,1000,1.0,0.0,1000,0,1000,0,955,0.955,0.006555532,955,0,0.955,0.006555532,1000,955,0.2597197127,0.0005381646,1000,0,0,0.0,0.0,0,0,0,1000,1000,0.0,0.0,0,0,0,0.0,0,0.0,0.0,0.0,0.0,0.0,0.0,0.0,0.0,0.0,0.0,1.0,0.0
rank_N500_p1000_s3_identity_law6,unknown_s,interior,rank,IDENTITY_REFERENCE,500,1000,3,6,6,identity,6,upper_bound_K_known,5,1000,1000,0,0,0,0,0,1000,0,1000,1.0,0.0,1000,1.0,0.0,1000,1000,999,0.999,0.0009994999,999,0,999,0,954,0.954,0.0066245,954,0,0.954954955,0.0065619393,999,955,0.2597301276,0.0005376521,1000,0,0,0.0,0.0,0,0,0,1000,1000,0.0,0.0,0,1,1,0.001,0,0.0,0.0,0.0,0.0,0.0,0.0,0.001,0.0009994999,0.0,0.0,1.0,0.0
rank_N500_p1000_s3_toeplitz_law1,known_s,interior,rank,CORRELATED_STRESS,500,1000,3,6,6,toeplitz,1,exact_s_known,6,1000,1000,0,0,0,0,0,1000,0,1000,1.0,0.0,1000,1.0,0.0,1000,1000,1000,1.0,0.0,1000,0,1000,0,948,0.948,0.007021111,948,0,0.948,0.007021111,1000,948,0.2257257285,0.000396769,1000,0,0,0.0,0.0,0,0,0,1000,1000,0.0,0.0,0,0,0,0.0,0,0.0,0.0,0.0,0.0,0.0,0.0,0.0,0.0,0.0,0.0,1.0,0.0
rank_N500_p1000_s3_toeplitz_law1,unknown_s,interior,rank,CORRELATED_STRESS,500,1000,3,6,6,toeplitz,1,upper_bound_K_known,6,1000,1000,0,0,0,0,0,1000,0,1000,1.0,0.0,1000,1.0,0.0,1000,1000,998,0.998,0.0014127986,998,0,998,0,946,0.946,0.0071473072,946,0,0.9478957916,0.0070347947,998,948,0.2257374404,0.0003967334,1000,0,0,0.0,0.0,0,0,0,1000,1000,0.0,0.0,0,2,2,0.002,0,0.0,0.0,0.0,0.0,0.0,0.0,0.002,0.0014127986,0.0,0.0,1.0,0.0
rank_N500_p1000_s3_toeplitz_law2,known_s,interior,rank,CORRELATED_STRESS,500,1000,3,6,6,toeplitz,2,exact_s_known,7,1000,1000,0,0,0,0,0,1000,0,1000,1.0,0.0,1000,1.0,0.0,1000,1000,1000,1.0,0.0,1000,0,1000,0,963,0.963,0.0059691708,963,0,0.963,0.0059691708,1000,963,0.195465325,0.0003692318,1000,0,0,0.0,0.0,0,0,0,1000,1000,0.0,0.0,0,0,0,0.0,0,0.0,0.0,0.0,0.0,0.0,0.0,0.0,0.0,0.0,0.0,1.0,0.0
rank_N500_p1000_s3_toeplitz_law2,unknown_s,interior,rank,CORRELATED_STRESS,500,1000,3,6,6,toeplitz,2,upper_bound_K_known,7,1000,1000,0,0,0,0,0,1000,0,1000,1.0,0.0,1000,1.0,0.0,1000,1000,998,0.998,0.0014127986,998,0,998,0,961,0.961,0.0061220095,961,0,0.9629258517,0.0059809028,998,963,0.1954635303,0.0003691599,1000,0,0,0.0,0.0,0,0,0,1000,1000,0.0,0.0,0,2,2,0.002,0,0.0,0.0,0.0,0.0,0.0,0.0,0.002,0.0014127986,0.0,0.0,1.0,0.0
rank_N500_p1000_s3_toeplitz_law3,known_s,interior,rank,CORRELATED_STRESS,500,1000,3,6,6,toeplitz,3,exact_s_known,8,1000,1000,0,0,0,0,0,1000,0,1000,1.0,0.0,1000,1.0,0.0,1000,1000,1000,1.0,0.0,1000,0,1000,0,953,0.953,0.0066926079,953,0,0.953,0.0066926079,1000,953,0.2113319911,0.0003913951,1000,0,0,0.0,0.0,0,0,0,1000,1000,0.0,0.0,0,0,0,0.0,0,0.0,0.0,0.0,0.0,0.0,0.0,0.0,0.0,0.0,0.0,1.0,0.0
rank_N500_p1000_s3_toeplitz_law3,unknown_s,interior,rank,CORRELATED_STRESS,500,1000,3,6,6,toeplitz,3,upper_bound_K_known,8,1000,1000,0,0,0,0,0,1000,0,1000,1.0,0.0,1000,1.0,0.0,1000,1000,997,0.997,0.0017294508,997,0,997,0,950,0.95,0.0068920244,950,0,0.9528585757,0.006712248,997,953,0.2113648048,0.0003923357,1000,0,0,0.0,0.0,0,0,0,1000,1000,0.0,0.0,0,3,3,0.003,0,0.0,0.0,0.0,0.0,0.0,0.0,0.003,0.0017294508,0.0,0.0,1.0,0.0
rank_N500_p1000_s3_toeplitz_law4,known_s,interior,rank,CORRELATED_STRESS,500,1000,3,6,6,toeplitz,4,exact_s_known,9,1000,1000,0,0,0,0,0,1000,0,1000,1.0,0.0,1000,1.0,0.0,1000,1000,1000,1.0,0.0,1000,0,1000,0,960,0.96,0.0061967734,960,0,0.96,0.0061967734,1000,960,0.2914623998,0.0006083198,1000,0,0,0.0,0.0,0,0,0,1000,1000,0.0,0.0,0,0,0,0.0,0,0.0,0.0,0.0,0.0,0.0,0.0,0.0,0.0,0.0,0.0,1.0,0.0
rank_N500_p1000_s3_toeplitz_law4,unknown_s,interior,rank,CORRELATED_STRESS,500,1000,3,6,6,toeplitz,4,upper_bound_K_known,9,1000,1000,0,0,0,0,0,1000,0,1000,1.0,0.0,1000,1.0,0.0,1000,1000,998,0.998,0.0014127986,998,0,998,0,958,0.958,0.0063431853,958,0,0.9599198397,0.0062089325,998,960,0.2914578502,0.0006084317,1000,0,0,0.0,0.0,0,0,0,1000,1000,0.0,0.0,0,2,2,0.002,0,0.0,0.0,0.0,0.0,0.0,0.0,0.002,0.0014127986,0.0,0.0,1.0,0.0
rank_N500_p1000_s3_toeplitz_law5,known_s,interior,rank,CORRELATED_STRESS,500,1000,3,6,6,toeplitz,5,exact_s_known,10,1000,1000,0,0,0,0,0,1000,0,1000,1.0,0.0,1000,1.0,0.0,1000,1000,1000,1.0,0.0,1000,0,1000,0,962,0.962,0.0060461558,962,0,0.962,0.0060461558,1000,962,0.4562012132,0.0012010937,1000,0,0,0.0,0.0,0,0,0,1000,1000,0.0,0.0,0,0,0,0.0,0,0.0,0.0,0.0,0.0,0.0,0.0,0.0,0.0,0.0,0.0,1.0,0.0
rank_N500_p1000_s3_toeplitz_law5,unknown_s,interior,rank,CORRELATED_STRESS,500,1000,3,6,6,toeplitz,5,upper_bound_K_known,10,1000,1000,0,0,0,0,0,1000,0,1000,1.0,0.0,1000,1.0,0.0,1000,1000,1000,1.0,0.0,1000,0,1000,0,962,0.962,0.0060461558,962,0,0.962,0.0060461558,1000,962,0.4562012132,0.0012010937,1000,0,0,0.0,0.0,0,0,0,1000,1000,0.0,0.0,0,0,0,0.0,0,0.0,0.0,0.0,0.0,0.0,0.0,0.0,0.0,0.0,0.0,1.0,0.0
rank_N500_p1000_s3_toeplitz_law6,known_s,interior,rank,CORRELATED_STRESS,500,1000,3,6,6,toeplitz,6,exact_s_known,11,1000,1000,0,0,0,0,0,1000,0,1000,1.0,0.0,1000,1.0,0.0,1000,1000,1000,1.0,0.0,1000,0,1000,0,958,0.958,0.0063431853,958,0,0.958,0.0063431853,1000,958,0.260989364,0.000508861,1000,0,0,0.0,0.0,0,0,0,1000,1000,0.0,0.0,0,0,0,0.0,0,0.0,0.0,0.0,0.0,0.0,0.0,0.0,0.0,0.0,0.0,1.0,0.0
rank_N500_p1000_s3_toeplitz_law6,unknown_s,interior,rank,CORRELATED_STRESS,500,1000,3,6,6,toeplitz,6,upper_bound_K_known,11,1000,1000,0,0,0,0,0,1000,0,1000,1.0,0.0,1000,1.0,0.0,1000,1000,999,0.999,0.0009994999,999,0,999,0,957,0.957,0.0064149045,957,0,0.957957958,0.0063493955,999,958,0.2609737945,0.0005086017,1000,0,0,0.0,0.0,0,0,0,1000,1000,0.0,0.0,0,1,1,0.001,0,0.0,0.0,0.0,0.0,0.0,0.0,0.001,0.0009994999,0.0,0.0,1.0,0.0
rank_N500_p1000_s3_tridiag_law1,known_s,interior,rank,CORRELATED_STRESS,500,1000,3,6,6,tridiag,1,exact_s_known,12,1000,1000,0,0,0,0,0,1000,0,1000,1.0,0.0,1000,1.0,0.0,1000,1000,1000,1.0,0.0,1000,0,1000,0,953,0.953,0.0066926079,953,0,0.953,0.0066926079,1000,953,0.2251281672,0.0004160868,1000,0,0,0.0,0.0,0,0,0,1000,1000,0.0,0.0,0,0,0,0.0,0,0.0,0.0,0.0,0.0,0.0,0.0,0.0,0.0,0.0,0.0,1.0,0.0
rank_N500_p1000_s3_tridiag_law1,unknown_s,interior,rank,CORRELATED_STRESS,500,1000,3,6,6,tridiag,1,upper_bound_K_known,12,1000,1000,0,0,0,0,0,1000,0,1000,1.0,0.0,1000,1.0,0.0,1000,1000,997,0.997,0.0017294508,997,0,997,0,950,0.95,0.0068920244,950,0,0.9528585757,0.006712248,997,953,0.2251329056,0.0004147209,1000,0,0,0.0,0.0,0,0,0,1000,1000,0.0,0.0,0,3,3,0.003,0,0.0,0.0,0.0,0.0,0.0,0.0,0.003,0.0017294508,0.0,0.0,1.0,0.0
rank_N500_p1000_s3_tridiag_law2,known_s,interior,rank,CORRELATED_STRESS,500,1000,3,6,6,tridiag,2,exact_s_known,13,1000,1000,0,0,0,0,0,1000,0,1000,1.0,0.0,1000,1.0,0.0,1000,1000,1000,1.0,0.0,1000,0,1000,0,955,0.955,0.006555532,955,0,0.955,0.006555532,1000,955,0.1954950098,0.0003997217,1000,0,0,0.0,0.0,0,0,0,1000,1000,0.0,0.0,0,0,0,0.0,0,0.0,0.0,0.0,0.0,0.0,0.0,0.0,0.0,0.0,0.0,1.0,0.0
rank_N500_p1000_s3_tridiag_law2,unknown_s,interior,rank,CORRELATED_STRESS,500,1000,3,6,6,tridiag,2,upper_bound_K_known,13,1000,1000,0,0,0,0,0,1000,0,1000,1.0,0.0,1000,1.0,0.0,1000,1000,1000,1.0,0.0,1000,0,1000,0,955,0.955,0.006555532,955,0,0.955,0.006555532,1000,955,0.1954950098,0.0003997217,1000,0,0,0.0,0.0,0,0,0,1000,1000,0.0,0.0,0,0,0,0.0,0,0.0,0.0,0.0,0.0,0.0,0.0,0.0,0.0,0.0,0.0,1.0,0.0
rank_N500_p1000_s3_tridiag_law3,known_s,interior,rank,CORRELATED_STRESS,500,1000,3,6,6,tridiag,3,exact_s_known,14,1000,1000,0,0,0,0,0,1000,0,1000,1.0,0.0,1000,1.0,0.0,1000,1000,1000,1.0,0.0,1000,0,1000,0,958,0.958,0.0063431853,958,0,0.958,0.0063431853,1000,958,0.2126697596,0.0003885375,1000,0,0,0.0,0.0,0,0,0,1000,1000,0.0,0.0,0,0,0,0.0,0,0.0,0.0,0.0,0.0,0.0,0.0,0.0,0.0,0.0,0.0,1.0,0.0
rank_N500_p1000_s3_tridiag_law3,unknown_s,interior,rank,CORRELATED_STRESS,500,1000,3,6,6,tridiag,3,upper_bound_K_known,14,1000,1000,0,0,0,0,0,1000,0,1000,1.0,0.0,1000,1.0,0.0,1000,1000,1000,1.0,0.0,1000,0,1000,0,958,0.958,0.0063431853,958,0,0.958,0.0063431853,1000,958,0.2126697596,0.0003885375,1000,0,0,0.0,0.0,0,0,0,1000,1000,0.0,0.0,0,0,0,0.0,0,0.0,0.0,0.0,0.0,0.0,0.0,0.0,0.0,0.0,0.0,1.0,0.0
rank_N500_p1000_s3_tridiag_law4,known_s,interior,rank,CORRELATED_STRESS,500,1000,3,6,6,tridiag,4,exact_s_known,15,1000,1000,0,0,0,0,0,1000,0,1000,1.0,0.0,1000,1.0,0.0,1000,1000,1000,1.0,0.0,1000,0,1000,0,962,0.962,0.0060461558,962,0,0.962,0.0060461558,1000,962,0.2910264341,0.0006166474,1000,0,0,0.0,0.0,0,0,0,1000,1000,0.0,0.0,0,0,0,0.0,0,0.0,0.0,0.0,0.0,0.0,0.0,0.0,0.0,0.0,0.0,1.0,0.0
rank_N500_p1000_s3_tridiag_law4,unknown_s,interior,rank,CORRELATED_STRESS,500,1000,3,6,6,tridiag,4,upper_bound_K_known,15,1000,1000,0,0,0,0,0,1000,0,1000,1.0,0.0,1000,1.0,0.0,1000,1000,999,0.999,0.0009994999,999,0,999,0,961,0.961,0.0061220095,961,0,0.961961962,0.0060520884,999,962,0.2910295566,0.0006167767,1000,0,0,0.0,0.0,0,0,0,1000,1000,0.0,0.0,0,1,1,0.001,0,0.0,0.0,0.0,0.0,0.0,0.0,0.001,0.0009994999,0.0,0.0,1.0,0.0
rank_N500_p1000_s3_tridiag_law5,known_s,interior,rank,CORRELATED_STRESS,500,1000,3,6,6,tridiag,5,exact_s_known,16,1000,1000,0,0,0,0,0,1000,0,1000,1.0,0.0,1000,1.0,0.0,1000,1000,1000,1.0,0.0,1000,0,1000,0,972,0.972,0.0052168956,972,0,0.972,0.0052168956,1000,972,0.455315238,0.0012085696,1000,0,0,0.0,0.0,0,0,0,1000,1000,0.0,0.0,0,0,0,0.0,0,0.0,0.0,0.0,0.0,0.0,0.0,0.0,0.0,0.0,0.0,1.0,0.0
rank_N500_p1000_s3_tridiag_law5,unknown_s,interior,rank,CORRELATED_STRESS,500,1000,3,6,6,tridiag,5,upper_bound_K_known,16,1000,1000,0,0,0,0,0,1000,0,1000,1.0,0.0,1000,1.0,0.0,1000,1000,1000,1.0,0.0,1000,0,1000,0,972,0.972,0.0052168956,972,0,0.972,0.0052168956,1000,972,0.455315238,0.0012085696,1000,0,0,0.0,0.0,0,0,0,1000,1000,0.0,0.0,0,0,0,0.0,0,0.0,0.0,0.0,0.0,0.0,0.0,0.0,0.0,0.0,0.0,1.0,0.0
rank_N500_p1000_s3_tridiag_law6,known_s,interior,rank,CORRELATED_STRESS,500,1000,3,6,6,tridiag,6,exact_s_known,17,1000,1000,0,0,0,0,0,1000,0,1000,1.0,0.0,1000,1.0,0.0,1000,1000,1000,1.0,0.0,1000,0,1000,0,962,0.962,0.0060461558,962,0,0.962,0.0060461558,1000,962,0.2611202528,0.0005345412,1000,0,0,0.0,0.0,0,0,0,1000,1000,0.0,0.0,0,0,0,0.0,0,0.0,0.0,0.0,0.0,0.0,0.0,0.0,0.0,0.0,0.0,1.0,0.0
rank_N500_p1000_s3_tridiag_law6,unknown_s,interior,rank,CORRELATED_STRESS,500,1000,3,6,6,tridiag,6,upper_bound_K_known,17,1000,1000,0,0,0,0,0,1000,0,1000,1.0,0.0,1000,1.0,0.0,1000,1000,999,0.999,0.0009994999,999,0,999,0,961,0.961,0.0061220095,961,0,0.961961962,0.0060520884,999,962,0.2611359064,0.0005355317,1000,0,0,0.0,0.0,0,0,0,1000,1000,0.0,0.0,0,1,1,0.001,0,0.0,0.0,0.0,0.0,0.0,0.0,0.001,0.0009994999,0.0,0.0,1.0,0.0
